playbook;techniques
p101;[]
p122;[{'1': 'FileHashReputationAnalysis'}, {'2': 'IdentifierReputationAnalysis'}, {'3': 'IdentifierAnalysis'}, {'4': 'FileAnalysis'}]
p123;[{'1': 'FileHashReputationAnalysis'}, {'2': 'IdentifierReputationAnalysis'}, {'3': 'IdentifierAnalysis'}, {'4': 'FileAnalysis'}]
p124;[{'1': 'IPReputationAnalysis'}, {'2': 'IdentifierReputationAnalysis'}, {'3': 'IdentifierAnalysis'}, {'4': 'DomainNameReputationAnalysis'}]
p125;[{'1': 'IdentifierReputationAnalysis'}, {'2': 'IdentifierAnalysis'}, {'3': 'URLReputationAnalysis'}, {'4': 'DomainNameReputationAnalysis'}]
p126;[{'1': 'IdentifierReputationAnalysis'}, {'2': 'IdentifierAnalysis'}, {'3': 'URLReputationAnalysis'}, {'4': 'DomainNameReputationAnalysis'}]
p127;[{'1': 'DomainNameReputationAnalysis'}, {'2': 'IdentifierReputationAnalysis'}, {'3': 'IdentifierAnalysis'}, {'4': 'URLReputationAnalysis'}]
p128;[{'1': 'SenderReputationAnalysis'}, {'2': 'SenderMTAReputationAnalysis'}, {'3': 'IdentifierReputationAnalysis'}, {'4': 'IdentifierAnalysis'}]
p129;[{'1': 'FileHashReputationAnalysis'}, {'2': 'IdentifierReputationAnalysis'}, {'3': 'IdentifierAnalysis'}, {'4': 'FileAnalysis'}]
p130;[{'1': 'FileHashReputationAnalysis'}, {'2': 'IdentifierReputationAnalysis'}, {'3': 'IdentifierAnalysis'}, {'4': 'FileAnalysis'}]
p131;[{'1': 'FileHashReputationAnalysis'}, {'2': 'IdentifierReputationAnalysis'}, {'3': 'IdentifierAnalysis'}, {'4': 'FileAnalysis'}]
p132;[{'1': 'IdentifierReputationAnalysis'}, {'2': 'IdentifierAnalysis'}, {'3': 'URLReputationAnalysis'}, {'4': 'DomainNameReputationAnalysis'}]
p133;[{'1': 'IdentifierReputationAnalysis'}, {'2': 'IdentifierAnalysis'}, {'3': 'URLReputationAnalysis'}, {'4': 'DomainNameReputationAnalysis'}]
p134;[{'1': 'IPReputationAnalysis'}, {'2': 'IdentifierReputationAnalysis'}, {'3': 'IdentifierAnalysis'}, {'4': 'DomainNameReputationAnalysis'}]
p135;[{'1': 'IdentifierReputationAnalysis'}, {'2': 'IdentifierAnalysis'}, {'3': 'URLReputationAnalysis'}, {'4': 'DomainNameReputationAnalysis'}]
p136;[{'1': 'IdentifierReputationAnalysis'}, {'2': 'IdentifierAnalysis'}, {'3': 'URLReputationAnalysis'}, {'4': 'DomainNameReputationAnalysis'}]
p137;[{'1': 'IdentifierReputationAnalysis'}, {'2': 'IdentifierAnalysis'}, {'3': 'URLReputationAnalysis'}, {'4': 'DomainNameReputationAnalysis'}]
p138;[{'1': 'URLReputationAnalysis'}, {'2': 'IdentifierReputationAnalysis'}, {'3': 'IdentifierAnalysis'}, {'4': 'DomainNameReputationAnalysis'}]
p13;[{'1': 'InboundTrafficFiltering'}, {'2': 'ExecutableDenylisting'}, {'3': 'NetworkTrafficFiltering'}, {'4': 'OutboundTrafficFiltering'}]
p140;[{'1': 'IdentifierReputationAnalysis'}, {'2': 'IdentifierAnalysis'}, {'3': 'URLReputationAnalysis'}, {'4': 'DomainNameReputationAnalysis'}]
p141;[{'1': 'URLReputationAnalysis'}, {'2': 'IdentifierReputationAnalysis'}, {'3': 'IdentifierAnalysis'}, {'4': 'DomainNameReputationAnalysis'}]
p142;[]
p143;[]
p144;[]
p145;[]
p146;[]
p147;[]
p148;[{'1': 'UserGeolocationLogonPatternAnalysis'}, {'2': 'IPReputationAnalysis'}, {'3': 'IdentifierReputationAnalysis'}, {'4': 'IdentifierAnalysis'}]
p14;[{'1': 'InboundTrafficFiltering'}, {'2': 'ExecutableDenylisting'}, {'3': 'NetworkTrafficFiltering'}, {'4': 'OutboundTrafficFiltering'}]
p150;[]
p151;[]
p152;[{'1': 'IdentifierActivityAnalysis'}, {'2': 'IdentifierAnalysis'}, {'3': 'IdentifierReputationAnalysis'}, {'4': 'ConnectionAttemptAnalysis'}]
p153;[]
p154;[]
p155;[{'1': 'IdentifierActivityAnalysis'}, {'2': 'IdentifierAnalysis'}, {'3': 'IdentifierReputationAnalysis'}, {'4': 'ConnectionAttemptAnalysis'}]
p156;[]
p157;[{'1': 'IdentifierActivityAnalysis'}, {'2': 'IdentifierAnalysis'}, {'3': 'IdentifierReputationAnalysis'}, {'4': 'ConnectionAttemptAnalysis'}]
p158;[{'1': 'IPReputationAnalysis'}, {'2': 'IdentifierReputationAnalysis'}, {'3': 'IdentifierAnalysis'}, {'4': 'DomainNameReputationAnalysis'}]
p15;[{'1': 'InboundTrafficFiltering'}, {'2': 'ExecutableDenylisting'}, {'3': 'NetworkTrafficFiltering'}, {'4': 'OutboundTrafficFiltering'}]
p160;[]
p161;[]
p162;[]
p163;[]
p164;[]
p165;[]
p166;[]
p167;[]
p168;[]
p16;[{'1': 'InboundTrafficFiltering'}, {'2': 'ExecutableDenylisting'}, {'3': 'NetworkTrafficFiltering'}, {'4': 'OutboundTrafficFiltering'}]
p170;[]
p171;[]
p172;[]
p173;[]
p174;[]
p175;[]
p176;[]
p177;[]
p178;[]
p17;[{'1': 'InboundTrafficFiltering'}, {'2': 'ExecutableDenylisting'}, {'3': 'NetworkTrafficFiltering'}, {'4': 'OutboundTrafficFiltering'}]
p180;[]
p181;[]
p182;[{'1': 'FileHashReputationAnalysis'}, {'2': 'FileHashing'}, {'3': 'FileAnalysis'}, {'4': 'FileContentAnalysis'}]
p183;[{'1': 'SenderReputationAnalysis'}, {'2': 'MessageAnalysis'}, {'3': 'EmailFiltering'}, {'4': 'EmailRemoval'}]
p184;[{'1': 'IdentifierReputationAnalysis'}, {'2': 'IdentifierAnalysis'}, {'3': 'IdentifierActivityAnalysis'}, {'4': 'OperationalRiskAssessment'}]
p185;[]
p186;[{'1': 'DomainNameReputationAnalysis'}, {'2': 'IdentifierReputationAnalysis'}, {'3': 'IdentifierAnalysis'}, {'4': 'IdentifierActivityAnalysis'}]
p187;[{'1': 'URLReputationAnalysis'}, {'2': 'IdentifierReputationAnalysis'}, {'3': 'IdentifierAnalysis'}, {'4': 'IdentifierActivityAnalysis'}]
p188;[{'1': 'DomainNameReputationAnalysis'}, {'2': 'IdentifierReputationAnalysis'}, {'3': 'IdentifierAnalysis'}, {'4': 'IdentifierActivityAnalysis'}]
p18;[{'1': 'InboundTrafficFiltering'}, {'2': 'ExecutableDenylisting'}, {'3': 'NetworkTrafficFiltering'}, {'4': 'OutboundTrafficFiltering'}]
p190;[{'1': 'FileHashReputationAnalysis'}, {'2': 'FileHashing'}, {'3': 'FileAnalysis'}, {'4': 'FileContentAnalysis'}]
p191;[{'1': 'IPReputationAnalysis'}, {'2': 'IdentifierReputationAnalysis'}, {'3': 'IdentifierAnalysis'}, {'4': 'IdentifierActivityAnalysis'}]
p192;[{'1': 'URLReputationAnalysis'}, {'2': 'IdentifierReputationAnalysis'}, {'3': 'IdentifierAnalysis'}, {'4': 'IdentifierActivityAnalysis'}]
p193;[{'1': 'IPReputationAnalysis'}, {'2': 'IdentifierReputationAnalysis'}, {'3': 'IdentifierAnalysis'}, {'4': 'IdentifierActivityAnalysis'}]
p194;[{'1': 'AccessModeling'}, {'2': 'UserAccountPermissions'}, {'3': 'RestoreUserAccountAccess'}, {'4': 'RestoreAccess'}]
p195;[{'1': 'AccessModeling'}, {'2': 'UserAccountPermissions'}, {'3': 'RestoreUserAccountAccess'}, {'4': 'RestoreAccess'}]
p196;[{'1': 'ProcessAnalysis'}, {'2': 'FileHashReputationAnalysis'}, {'3': 'FileHashing'}, {'4': 'FileAnalysis'}]
p197;[{'1': 'DomainNameReputationAnalysis'}, {'2': 'URLReputationAnalysis'}, {'3': 'IdentifierReputationAnalysis'}, {'4': 'IdentifierAnalysis'}]
p198;[{'1': 'DomainNameReputationAnalysis'}, {'2': 'IdentifierReputationAnalysis'}, {'3': 'IdentifierAnalysis'}, {'4': 'IdentifierActivityAnalysis'}]
p19;[{'1': 'InboundTrafficFiltering'}, {'2': 'ExecutableDenylisting'}, {'3': 'NetworkTrafficFiltering'}, {'4': 'OutboundTrafficFiltering'}]
p200;[{'1': 'IdentifierReputationAnalysis'}, {'2': 'IdentifierAnalysis'}, {'3': 'IdentifierActivityAnalysis'}, {'4': 'OperationalRiskAssessment'}]
p201;[{'1': 'DynamicAnalysis'}, {'2': 'FileContentAnalysis'}, {'3': 'FileAnalysis'}, {'4': 'FileContentRules'}]
p202;[{'1': 'URLReputationAnalysis'}, {'2': 'IdentifierReputationAnalysis'}, {'3': 'IdentifierAnalysis'}, {'4': 'IdentifierActivityAnalysis'}]
p203;[{'1': 'URLReputationAnalysis'}, {'2': 'IdentifierReputationAnalysis'}, {'3': 'IdentifierAnalysis'}, {'4': 'IdentifierActivityAnalysis'}]
p204;[{'1': 'URLReputationAnalysis'}, {'2': 'IdentifierReputationAnalysis'}, {'3': 'IdentifierAnalysis'}, {'4': 'IdentifierActivityAnalysis'}]
p205;[{'1': 'ConfigurationInventory'}, {'2': 'RestoreConfiguration'}, {'3': 'RestoreSoftware'}, {'4': 'RestoreObject'}]
p206;[{'1': 'AccessModeling'}, {'2': 'UserAccountPermissions'}, {'3': 'AccountLocking'}, {'4': 'RestoreUserAccountAccess'}]
p207;[{'1': 'IdentifierActivityAnalysis'}, {'2': 'IdentifierAnalysis'}, {'3': 'IdentifierReputationAnalysis'}, {'4': 'OperationalRiskAssessment'}]
p208;[{'1': 'IdentifierActivityAnalysis'}, {'2': 'IdentifierAnalysis'}, {'3': 'IdentifierReputationAnalysis'}, {'4': 'OperationalRiskAssessment'}]
p20;[{'1': 'InboundTrafficFiltering'}, {'2': 'ExecutableDenylisting'}, {'3': 'NetworkTrafficFiltering'}, {'4': 'OutboundTrafficFiltering'}]
p210;[{'1': 'AccessModeling'}, {'2': 'UserAccountPermissions'}, {'3': 'RestoreUserAccountAccess'}, {'4': 'RestoreAccess'}]
p211;[{'1': 'AccessModeling'}, {'2': 'UserAccountPermissions'}, {'3': 'RestoreUserAccountAccess'}, {'4': 'RestoreAccess'}]
p212;[{'1': 'AccessModeling'}, {'2': 'UserAccountPermissions'}, {'3': 'RestoreUserAccountAccess'}, {'4': 'RestoreAccess'}]
p213;[{'1': 'ConfigurationInventory'}, {'2': 'RestoreConfiguration'}, {'3': 'RestoreSoftware'}, {'4': 'RestoreObject'}]
p214;[{'1': 'UserBehaviorAnalysis'}, {'2': 'AccountLocking'}, {'3': 'CredentialEviction'}, {'4': 'CredentialRevoking'}]
p215;[{'1': 'EmailRemoval'}, {'2': 'EmailFiltering'}, {'3': 'MessageAnalysis'}, {'4': 'MessageHardening'}]
p216;[{'1': 'ProcessAnalysis'}, {'2': 'FileHashReputationAnalysis'}, {'3': 'FileHashing'}, {'4': 'FileAnalysis'}]
p217;[{'1': 'IdentifierActivityAnalysis'}, {'2': 'IdentifierAnalysis'}, {'3': 'IdentifierReputationAnalysis'}, {'4': 'OperationalRiskAssessment'}]
p218;[{'1': 'OperatingSystemMonitoring'}, {'2': 'PlatformMonitoring'}, {'3': 'ConfigurationInventory'}, {'4': 'RestoreConfiguration'}]
p21;[{'1': 'NetworkIsolation'}, {'2': 'InboundTrafficFiltering'}, {'3': 'OutboundTrafficFiltering'}, {'4': 'NetworkTrafficFiltering'}]
p220;[{'1': 'IdentifierActivityAnalysis'}, {'2': 'IdentifierAnalysis'}, {'3': 'IdentifierReputationAnalysis'}, {'4': 'OperationalRiskAssessment'}]
p221;[{'1': 'ConfigurationInventory'}, {'2': 'RestoreConfiguration'}, {'3': 'RestoreSoftware'}, {'4': 'RestoreObject'}]
p222;[{'1': 'NetworkVulnerabilityAssessment'}, {'2': 'SystemVulnerabilityAssessment'}, {'3': 'OperationalRiskAssessment'}, {'4': 'RestoreConfiguration'}]
p223;[{'1': 'IdentifierActivityAnalysis'}, {'2': 'IdentifierAnalysis'}, {'3': 'IdentifierReputationAnalysis'}, {'4': 'OperationalRiskAssessment'}]
p224;[{'1': 'AccessModeling'}, {'2': 'UserAccountPermissions'}, {'3': 'AccountLocking'}, {'4': 'RestoreUserAccountAccess'}]
p225;[{'1': 'IdentifierActivityAnalysis'}, {'2': 'IdentifierAnalysis'}, {'3': 'IdentifierReputationAnalysis'}, {'4': 'OperationalRiskAssessment'}]
p226;[{'1': 'IdentifierActivityAnalysis'}, {'2': 'IdentifierAnalysis'}, {'3': 'IdentifierReputationAnalysis'}, {'4': 'OperationalRiskAssessment'}]
p227;[{'1': 'DataInventory'}, {'2': 'DataExchangeMapping'}, {'3': 'ConfigurationInventory'}, {'4': 'RestoreConfiguration'}]
p228;[{'1': 'ConfigurationInventory'}, {'2': 'RestoreConfiguration'}, {'3': 'RestoreSoftware'}, {'4': 'RestoreObject'}]
p22;[{'1': 'InboundTrafficFiltering'}, {'2': 'ExecutableDenylisting'}, {'3': 'NetworkTrafficFiltering'}, {'4': 'OutboundTrafficFiltering'}]
p230;[{'1': 'ProcessAnalysis'}, {'2': 'FileHashReputationAnalysis'}, {'3': 'FileHashing'}, {'4': 'FileAnalysis'}]
p231;[{'1': 'ProcessAnalysis'}, {'2': 'FileHashReputationAnalysis'}, {'3': 'FileHashing'}, {'4': 'FileAnalysis'}]
p232;[{'1': 'IPReputationAnalysis'}, {'2': 'IdentifierReputationAnalysis'}, {'3': 'IdentifierAnalysis'}, {'4': 'IdentifierActivityAnalysis'}]
p233;[{'1': 'IdentifierActivityAnalysis'}, {'2': 'IdentifierAnalysis'}, {'3': 'IdentifierReputationAnalysis'}, {'4': 'OperationalRiskAssessment'}]
p234;[{'1': 'IdentifierActivityAnalysis'}, {'2': 'IdentifierAnalysis'}, {'3': 'IdentifierReputationAnalysis'}, {'4': 'OperationalRiskAssessment'}]
p235;[{'1': 'IdentifierActivityAnalysis'}, {'2': 'IdentifierAnalysis'}, {'3': 'IdentifierReputationAnalysis'}, {'4': 'OperationalRiskAssessment'}]
p236;[{'1': 'IdentifierActivityAnalysis'}, {'2': 'IdentifierAnalysis'}, {'3': 'IdentifierReputationAnalysis'}, {'4': 'OperationalRiskAssessment'}]
p237;[{'1': 'AuthenticationEventThresholding'}, {'2': 'AccountLocking'}, {'3': 'CredentialEviction'}, {'4': 'CredentialRevoking'}]
p238;[{'1': 'ConfigurationInventory'}, {'2': 'RestoreConfiguration'}, {'3': 'RestoreSoftware'}, {'4': 'RestoreObject'}]
p23;[{'1': 'InboundTrafficFiltering'}, {'2': 'ExecutableDenylisting'}, {'3': 'NetworkTrafficFiltering'}, {'4': 'OutboundTrafficFiltering'}]
p240;[{'1': 'ConfigurationInventory'}, {'2': 'RestoreConfiguration'}, {'3': 'RestoreSoftware'}, {'4': 'RestoreObject'}]
p241;[{'1': 'AuthenticationEventThresholding'}, {'2': 'AccountLocking'}, {'3': 'CredentialEviction'}, {'4': 'CredentialRevoking'}]
p242;[{'1': 'NetworkVulnerabilityAssessment'}, {'2': 'SystemVulnerabilityAssessment'}, {'3': 'OperationalRiskAssessment'}, {'4': 'RestoreConfiguration'}]
p243;[{'1': 'IdentifierActivityAnalysis'}, {'2': 'IdentifierAnalysis'}, {'3': 'IdentifierReputationAnalysis'}, {'4': 'OperationalRiskAssessment'}]
p244;[{'1': 'OperatingSystemMonitoring'}, {'2': 'PlatformMonitoring'}, {'3': 'ConfigurationInventory'}, {'4': 'RestoreConfiguration'}]
p245;[{'1': 'ProcessAnalysis'}, {'2': 'FileHashReputationAnalysis'}, {'3': 'FileHashing'}, {'4': 'FileAnalysis'}]
p246;[{'1': 'IdentifierActivityAnalysis'}, {'2': 'IdentifierAnalysis'}, {'3': 'IdentifierReputationAnalysis'}, {'4': 'OperationalRiskAssessment'}]
p247;[{'1': 'AccessModeling'}, {'2': 'UserAccountPermissions'}, {'3': 'AccountLocking'}, {'4': 'RestoreUserAccountAccess'}]
p248;[{'1': 'AccessModeling'}, {'2': 'UserAccountPermissions'}, {'3': 'AccountLocking'}, {'4': 'RestoreUserAccountAccess'}]
p24;[{'1': 'NetworkIsolation'}, {'2': 'InboundTrafficFiltering'}, {'3': 'OutboundTrafficFiltering'}, {'4': 'NetworkTrafficFiltering'}]
p250;[{'1': 'IPReputationAnalysis'}, {'2': 'IdentifierReputationAnalysis'}, {'3': 'IdentifierAnalysis'}, {'4': 'IdentifierActivityAnalysis'}]
p251;[{'1': 'AccessModeling'}, {'2': 'UserAccountPermissions'}, {'3': 'AccountLocking'}, {'4': 'RestoreUserAccountAccess'}]
p252;[{'1': 'IPReputationAnalysis'}, {'2': 'IdentifierReputationAnalysis'}, {'3': 'IdentifierAnalysis'}, {'4': 'IdentifierActivityAnalysis'}]
p253;[{'1': 'ConfigurationInventory'}, {'2': 'RestoreConfiguration'}, {'3': 'RestoreSoftware'}, {'4': 'RestoreObject'}]
p254;[{'1': 'RestoreDiskImage'}, {'2': 'RestoreConfiguration'}, {'3': 'RestoreSoftware'}, {'4': 'RestoreObject'}]
p255;[{'1': 'NetworkVulnerabilityAssessment'}, {'2': 'SystemVulnerabilityAssessment'}, {'3': 'OperationalRiskAssessment'}, {'4': 'RestoreConfiguration'}]
p256;[{'1': 'IdentifierActivityAnalysis'}, {'2': 'IdentifierAnalysis'}, {'3': 'IdentifierReputationAnalysis'}, {'4': 'OperationalRiskAssessment'}]
p257;[{'1': 'NetworkVulnerabilityAssessment'}, {'2': 'SystemVulnerabilityAssessment'}, {'3': 'OperationalRiskAssessment'}, {'4': 'RestoreConfiguration'}]
p258;[{'1': 'IdentifierActivityAnalysis'}, {'2': 'IdentifierAnalysis'}, {'3': 'IdentifierReputationAnalysis'}, {'4': 'OperationalRiskAssessment'}]
p25;[{'1': 'NetworkIsolation'}, {'2': 'InboundTrafficFiltering'}, {'3': 'OutboundTrafficFiltering'}, {'4': 'NetworkTrafficFiltering'}]
p260;[{'1': 'ProcessAnalysis'}, {'2': 'FileHashReputationAnalysis'}, {'3': 'FileHashing'}, {'4': 'FileAnalysis'}]
p261;[{'1': 'IdentifierActivityAnalysis'}, {'2': 'IdentifierAnalysis'}, {'3': 'IdentifierReputationAnalysis'}, {'4': 'OperationalRiskAssessment'}]
p262;[{'1': 'ConfigurationInventory'}, {'2': 'RestoreConfiguration'}, {'3': 'RestoreSoftware'}, {'4': 'RestoreObject'}]
p263;[{'1': 'EmailRemoval'}, {'2': 'EmailFiltering'}, {'3': 'MessageAnalysis'}, {'4': 'MessageHardening'}]
p264;[{'1': 'IdentifierActivityAnalysis'}, {'2': 'IdentifierAnalysis'}, {'3': 'IdentifierReputationAnalysis'}, {'4': 'OperationalRiskAssessment'}]
p265;[{'1': 'IdentifierActivityAnalysis'}, {'2': 'IdentifierAnalysis'}, {'3': 'IdentifierReputationAnalysis'}, {'4': 'OperationalRiskAssessment'}]
p266;[{'1': 'IdentifierActivityAnalysis'}, {'2': 'IdentifierAnalysis'}, {'3': 'IdentifierReputationAnalysis'}, {'4': 'OperationalRiskAssessment'}]
p267;[{'1': 'IdentifierActivityAnalysis'}, {'2': 'IdentifierAnalysis'}, {'3': 'IdentifierReputationAnalysis'}, {'4': 'OperationalRiskAssessment'}]
p268;[{'1': 'IdentifierActivityAnalysis'}, {'2': 'IdentifierAnalysis'}, {'3': 'IdentifierReputationAnalysis'}, {'4': 'OperationalRiskAssessment'}]
p26;[{'1': 'InboundTrafficFiltering'}, {'2': 'ExecutableDenylisting'}, {'3': 'NetworkTrafficFiltering'}, {'4': 'OutboundTrafficFiltering'}]
p270;[{'1': 'IdentifierActivityAnalysis'}, {'2': 'IdentifierAnalysis'}, {'3': 'IdentifierReputationAnalysis'}, {'4': 'OperationalRiskAssessment'}]
p271;[]
p272;[{'1': 'URLAnalysis'}, {'2': 'URLReputationAnalysis'}, {'3': 'FileAnalysis'}, {'4': 'FileContentAnalysis'}]
p273;[{'1': 'AccountLocking'}, {'2': 'CredentialRevoking'}, {'3': 'CredentialEviction'}, {'4': 'AccessModeling'}]
p274;[{'1': 'EmailRemoval'}, {'2': 'EmailFiltering'}, {'3': 'FileEviction'}, {'4': 'FileRemoval'}]
p275;[{'1': 'AssetVulnerabilityEnumeration'}, {'2': 'ConfigurationInventory'}, {'3': 'OperationalRiskAssessment'}, {'4': 'SystemVulnerabilityAssessment'}]
p276;[{'1': 'IPReputationAnalysis'}, {'2': 'NetworkTrafficAnalysis'}, {'3': 'NetworkTrafficFiltering'}, {'4': 'NetworkVulnerabilityAssessment'}]
p277;[{'1': 'AdministrativeNetworkActivityAnalysis'}, {'2': 'AuthenticationEventThresholding'}, {'3': 'AuthorizationEventThresholding'}, {'4': 'UserBehaviorAnalysis'}]
p278;[{'1': 'MessageAnalysis'}, {'2': 'MessageAuthentication'}, {'3': 'MessageHardening'}, {'4': 'UserBehaviorAnalysis'}]
p27;[{'1': 'InboundTrafficFiltering'}, {'2': 'ExecutableDenylisting'}, {'3': 'NetworkTrafficFiltering'}, {'4': 'OutboundTrafficFiltering'}]
p280;[{'1': 'MessageAuthentication'}, {'2': 'MessageHardening'}, {'3': 'SenderReputationAnalysis'}, {'4': 'TransferAgentAuthentication'}]
p281;[{'1': 'DynamicAnalysis'}, {'2': 'FileAnalysis'}, {'3': 'FileContentAnalysis'}, {'4': 'FileHashing'}]
p282;[]
p283;[]
p284;[]
p285;[]
p286;[]
p287;[{'1': 'ConfigurationInventory'}, {'2': 'OperationalActivityMapping'}, {'3': 'OperationalDependencyMapping'}, {'4': 'SystemDependencyMapping'}]
p288;[]
p28;[{'1': 'InboundTrafficFiltering'}, {'2': 'ExecutableDenylisting'}, {'3': 'NetworkTrafficFiltering'}, {'4': 'OutboundTrafficFiltering'}]
p290;[{'1': 'DomainNameReputationAnalysis'}, {'2': 'IdentifierReputationAnalysis'}, {'3': 'URLReputationAnalysis'}, {'4': 'IPReputationAnalysis'}]
p291;[]
p292;[]
p293;[{'1': 'FileAnalysis'}, {'2': 'FileContentAnalysis'}, {'3': 'FileContentRules'}, {'4': 'FileHashing'}]
p294;[{'1': 'FileAnalysis'}, {'2': 'FileContentAnalysis'}, {'3': 'FileContentRules'}, {'4': 'FileHashing'}]
p295;[]
p296;[]
p297;[]
p29;[{'1': 'InboundTrafficFiltering'}, {'2': 'ExecutableDenylisting'}, {'3': 'NetworkTrafficFiltering'}, {'4': 'OutboundTrafficFiltering'}]
p2;[{'1': 'AssetVulnerabilityEnumeration'}, {'2': 'AssetInventory'}, {'3': 'ConfigurationInventory'}, {'4': 'SoftwareInventory'}]
p300;[]
p301;[]
p302;[]
p303;[]
p304;[]
p305;[]
p306;[{'1': 'ConfigurationInventory'}, {'2': 'OperationalActivityMapping'}, {'3': 'OperationalDependencyMapping'}, {'4': 'SystemDependencyMapping'}]
p307;[{'1': 'NetworkTrafficAnalysis'}, {'2': 'NetworkTrafficFiltering'}, {'3': 'NetworkVulnerabilityAssessment'}, {'4': 'IPReputationAnalysis'}]
p308;[]
p30;[{'1': 'InboundTrafficFiltering'}, {'2': 'ExecutableDenylisting'}, {'3': 'NetworkTrafficFiltering'}, {'4': 'OutboundTrafficFiltering'}]
p310;[]
p311;[{'1': 'DomainNameReputationAnalysis'}, {'2': 'IdentifierReputationAnalysis'}, {'3': 'URLReputationAnalysis'}, {'4': 'IPReputationAnalysis'}]
p312;[]
p313;[]
p314;[]
p315;[]
p316;[]
p317;[]
p318;[]
p31;[{'1': 'InboundTrafficFiltering'}, {'2': 'ExecutableDenylisting'}, {'3': 'NetworkTrafficFiltering'}, {'4': 'OutboundTrafficFiltering'}]
p320;[]
p321;[{'1': 'FileHashing'}, {'2': 'FileHashReputationAnalysis'}, {'3': 'FileAnalysis'}, {'4': 'FileContentAnalysis'}]
p322;[]
p323;[]
p324;[{'1': 'ConfigurationInventory'}, {'2': 'OperationalActivityMapping'}, {'3': 'OperationalDependencyMapping'}, {'4': 'SystemDependencyMapping'}]
p325;[]
p326;[]
p327;[]
p328;[]
p32;[{'1': 'InboundTrafficFiltering'}, {'2': 'ExecutableDenylisting'}, {'3': 'NetworkTrafficFiltering'}, {'4': 'OutboundTrafficFiltering'}]
p330;[]
p331;[]
p332;[]
p333;[]
p334;[]
p335;[]
p336;[]
p337;[]
p338;[]
p33;[{'1': 'InboundTrafficFiltering'}, {'2': 'ExecutableDenylisting'}, {'3': 'NetworkTrafficFiltering'}, {'4': 'OutboundTrafficFiltering'}]
p340;[]
p341;[]
p342;[]
p343;[]
p344;[]
p345;[]
p346;[]
p347;[]
p348;[]
p34;[{'1': 'AccountLocking'}, {'2': 'UnlockAccount'}, {'3': 'RestoreUserAccountAccess'}, {'4': 'UserAccountPermissions'}]
p350;[]
p351;[]
p352;[]
p353;[]
p354;[]
p355;[]
p356;[]
p357;[]
p358;[]
p35;[{'1': 'AccountLocking'}, {'2': 'UnlockAccount'}, {'3': 'RestoreUserAccountAccess'}, {'4': 'UserAccountPermissions'}]
p360;[{'1': 'URLAnalysis'}, {'2': 'URLReputationAnalysis'}, {'3': 'FileAnalysis'}, {'4': 'FileContentAnalysis'}]
p361;[{'1': 'ExecutableDenylisting'}, {'2': 'FileHashing'}, {'3': 'FileHashReputationAnalysis'}, {'4': 'FileRemoval'}]
p362;[{'1': 'AssetVulnerabilityEnumeration'}, {'2': 'NetworkVulnerabilityAssessment'}, {'3': 'SystemVulnerabilityAssessment'}, {'4': 'OperationalRiskAssessment'}]
p363;[{'1': 'IdentifierAnalysis'}, {'2': 'IdentifierReputationAnalysis'}, {'3': 'URLAnalysis'}, {'4': 'URLReputationAnalysis'}]
p364;[{'1': 'FileHashing'}, {'2': 'FileHashReputationAnalysis'}, {'3': 'FileAnalysis'}, {'4': 'IdentifierReputationAnalysis'}]
p365;[{'1': 'UserGeolocationLogonPatternAnalysis'}, {'2': 'IdentifierAnalysis'}, {'3': 'IdentifierReputationAnalysis'}, {'4': 'IPReputationAnalysis'}]
p366;[{'1': 'IdentifierAnalysis'}, {'2': 'IdentifierReputationAnalysis'}, {'3': 'URLAnalysis'}, {'4': 'URLReputationAnalysis'}]
p367;[{'1': 'IdentifierAnalysis'}, {'2': 'IdentifierReputationAnalysis'}, {'3': 'IPReputationAnalysis'}, {'4': 'NetworkTrafficFiltering'}]
p368;[{'1': 'IdentifierAnalysis'}, {'2': 'IdentifierReputationAnalysis'}, {'3': 'URLAnalysis'}, {'4': 'URLReputationAnalysis'}]
p36;[{'1': 'IPReputationAnalysis'}, {'2': 'IdentifierReputationAnalysis'}, {'3': 'IdentifierActivityAnalysis'}, {'4': 'IdentifierAnalysis'}]
p370;[{'1': 'CertificateAnalysis'}, {'2': 'ActiveCertificateAnalysis'}, {'3': 'PassiveCertificateAnalysis'}, {'4': 'CertificatePinning'}]
p371;[{'1': 'AssetInventory'}, {'2': 'ConfigurationInventory'}, {'3': 'NetworkNodeInventory'}, {'4': 'SoftwareInventory'}]
p372;[{'1': 'EmailFiltering'}, {'2': 'EmailRemoval'}, {'3': 'SenderReputationAnalysis'}, {'4': 'URLAnalysis'}]
p373;[{'1': 'ConfigurationInventory'}, {'2': 'DataInventory'}, {'3': 'OperationalActivityMapping'}, {'4': 'OperationalDependencyMapping'}]
p374;[{'1': 'URLAnalysis'}, {'2': 'URLReputationAnalysis'}, {'3': 'IdentifierAnalysis'}, {'4': 'IdentifierReputationAnalysis'}]
p375;[{'1': 'IdentifierAnalysis'}, {'2': 'IdentifierReputationAnalysis'}, {'3': 'URLAnalysis'}, {'4': 'URLReputationAnalysis'}]
p376;[{'1': 'IdentifierAnalysis'}, {'2': 'IdentifierReputationAnalysis'}, {'3': 'URLAnalysis'}, {'4': 'URLReputationAnalysis'}]
p377;[{'1': 'ConfigurationInventory'}, {'2': 'DataInventory'}, {'3': 'OperationalActivityMapping'}, {'4': 'OperationalDependencyMapping'}]
p378;[{'1': 'ConnectionAttemptAnalysis'}, {'2': 'NetworkTrafficAnalysis'}, {'3': 'NetworkTrafficFiltering'}, {'4': 'ProtocolMetadataAnomalyDetection'}]
p37;[]
p380;[{'1': 'NetworkTrafficAnalysis'}, {'2': 'NetworkTrafficFiltering'}, {'3': 'ProtocolMetadataAnomalyDetection'}, {'4': 'InboundTrafficFiltering'}]
p381;[{'1': 'NetworkTrafficAnalysis'}, {'2': 'NetworkTrafficFiltering'}, {'3': 'ProtocolMetadataAnomalyDetection'}, {'4': 'InboundTrafficFiltering'}]
p382;[{'1': 'URLAnalysis'}, {'2': 'URLReputationAnalysis'}, {'3': 'IdentifierAnalysis'}, {'4': 'IdentifierReputationAnalysis'}]
p383;[{'1': 'DomainNameReputationAnalysis'}, {'2': 'HomoglyphDetection'}, {'3': 'URLAnalysis'}, {'4': 'URLReputationAnalysis'}]
p384;[{'1': 'DomainNameReputationAnalysis'}, {'2': 'URLAnalysis'}, {'3': 'URLReputationAnalysis'}, {'4': 'IdentifierReputationAnalysis'}]
p385;[{'1': 'ProcessAnalysis'}, {'2': 'ProcessSpawnAnalysis'}, {'3': 'ProcessTermination'}, {'4': 'SystemCallAnalysis'}]
p386;[{'1': 'FileAccessPatternAnalysis'}, {'2': 'FileIntegrityMonitoring'}, {'3': 'FileRemoval'}, {'4': 'SystemFileAnalysis'}]
p387;[{'1': 'FileAccessPatternAnalysis'}, {'2': 'FileIntegrityMonitoring'}, {'3': 'FileRemoval'}, {'4': 'SystemFileAnalysis'}]
p388;[{'1': 'ProcessAnalysis'}, {'2': 'ProcessSpawnAnalysis'}, {'3': 'ProcessTermination'}, {'4': 'SystemCallAnalysis'}]
p38;[]
p390;[{'1': 'ConnectionAttemptAnalysis'}, {'2': 'NetworkTrafficAnalysis'}, {'3': 'NetworkTrafficFiltering'}, {'4': 'ProtocolMetadataAnomalyDetection'}]
p391;[{'1': 'NetworkTrafficAnalysis'}, {'2': 'NetworkTrafficFiltering'}, {'3': 'ProtocolMetadataAnomalyDetection'}, {'4': 'InboundTrafficFiltering'}]
p392;[{'1': 'NetworkTrafficAnalysis'}, {'2': 'NetworkTrafficFiltering'}, {'3': 'ProtocolMetadataAnomalyDetection'}, {'4': 'InboundTrafficFiltering'}]
p393;[{'1': 'NetworkTrafficAnalysis'}, {'2': 'NetworkTrafficFiltering'}, {'3': 'ProtocolMetadataAnomalyDetection'}, {'4': 'InboundTrafficFiltering'}]
p394;[{'1': 'ProcessAnalysis'}, {'2': 'ProcessSpawnAnalysis'}, {'3': 'ProcessTermination'}, {'4': 'SystemCallAnalysis'}]
p395;[{'1': 'ScheduledJobAnalysis'}, {'2': 'ProcessAnalysis'}, {'3': 'ProcessSpawnAnalysis'}, {'4': 'ProcessTermination'}]
p396;[{'1': 'ProcessAnalysis'}, {'2': 'ProcessSpawnAnalysis'}, {'3': 'ProcessTermination'}, {'4': 'SystemCallAnalysis'}]
p397;[{'1': 'AccessModeling'}, {'2': 'DomainAccountMonitoring'}, {'3': 'LocalAccountMonitoring'}, {'4': 'UserAccountPermissions'}]
p39;[{'1': 'DNSAllowlisting'}, {'2': 'ExecutableAllowlisting'}, {'3': 'NetworkTrafficFiltering'}, {'4': 'InboundTrafficFiltering'}]
p3;[{'1': 'InboundTrafficFiltering'}, {'2': 'ExecutableDenylisting'}, {'3': 'NetworkTrafficFiltering'}, {'4': 'OutboundTrafficFiltering'}]
p400;[{'1': 'ProcessAnalysis'}, {'2': 'ProcessSpawnAnalysis'}, {'3': 'ProcessTermination'}, {'4': 'SystemCallAnalysis'}]
p401;[{'1': 'FileAccessPatternAnalysis'}, {'2': 'FileIntegrityMonitoring'}, {'3': 'FileRemoval'}, {'4': 'SystemFileAnalysis'}]
p402;[{'1': 'ProcessAnalysis'}, {'2': 'ProcessSpawnAnalysis'}, {'3': 'ProcessTermination'}, {'4': 'SystemCallAnalysis'}]
p403;[{'1': 'ScheduledJobAnalysis'}, {'2': 'ProcessAnalysis'}, {'3': 'ProcessSpawnAnalysis'}, {'4': 'ProcessTermination'}]
p404;[{'1': 'AdministrativeNetworkActivityAnalysis'}, {'2': 'RemoteTerminalSessionDetection'}, {'3': 'ConnectionAttemptAnalysis'}, {'4': 'NetworkTrafficAnalysis'}]
p405;[{'1': 'ScheduledJobAnalysis'}, {'2': 'ProcessAnalysis'}, {'3': 'ProcessSpawnAnalysis'}, {'4': 'ProcessTermination'}]
p406;[{'1': 'SystemDaemonMonitoring'}, {'2': 'SystemFileAnalysis'}, {'3': 'ProcessAnalysis'}, {'4': 'ProcessTermination'}]
p407;[{'1': 'AccessModeling'}, {'2': 'DomainAccountMonitoring'}, {'3': 'LocalAccountMonitoring'}, {'4': 'UserAccountPermissions'}]
p408;[{'1': 'ProcessAnalysis'}, {'2': 'ProcessSpawnAnalysis'}, {'3': 'ProcessTermination'}, {'4': 'SystemCallAnalysis'}]
p40;[]
p410;[{'1': 'AccessModeling'}, {'2': 'DomainAccountMonitoring'}, {'3': 'LocalAccountMonitoring'}, {'4': 'UserAccountPermissions'}]
p411;[{'1': 'SystemDaemonMonitoring'}, {'2': 'SystemFileAnalysis'}, {'3': 'ProcessAnalysis'}, {'4': 'ProcessTermination'}]
p412;[{'1': 'FileAnalysis'}, {'2': 'FileHashing'}, {'3': 'FileRemoval'}, {'4': 'ProcessTermination'}]
p413;[{'1': 'AccessModeling'}, {'2': 'DomainAccountMonitoring'}, {'3': 'LocalAccountMonitoring'}, {'4': 'UserAccountPermissions'}]
p414;[{'1': 'AccessModeling'}, {'2': 'DomainAccountMonitoring'}, {'3': 'LocalAccountMonitoring'}, {'4': 'UserAccountPermissions'}]
p415;[{'1': 'SystemDaemonMonitoring'}, {'2': 'SystemFileAnalysis'}, {'3': 'ProcessAnalysis'}, {'4': 'ProcessTermination'}]
p416;[{'1': 'AccessModeling'}, {'2': 'DomainAccountMonitoring'}, {'3': 'LocalAccountMonitoring'}, {'4': 'UserAccountPermissions'}]
p417;[{'1': 'ProcessAnalysis'}, {'2': 'ProcessSpawnAnalysis'}, {'3': 'ProcessTermination'}, {'4': 'SystemCallAnalysis'}]
p418;[{'1': 'ProcessAnalysis'}, {'2': 'ProcessSpawnAnalysis'}, {'3': 'ProcessTermination'}, {'4': 'SystemCallAnalysis'}]
p41;[{'1': 'AccountLocking'}, {'2': 'UserAccountPermissions'}, {'3': 'RestoreUserAccountAccess'}, {'4': 'UnlockAccount'}]
p420;[{'1': 'ProcessAnalysis'}, {'2': 'ProcessSpawnAnalysis'}, {'3': 'ProcessTermination'}, {'4': 'SystemCallAnalysis'}]
p421;[{'1': 'NetworkTrafficAnalysis'}, {'2': 'NetworkTrafficFiltering'}, {'3': 'ProtocolMetadataAnomalyDetection'}, {'4': 'InboundTrafficFiltering'}]
p422;[{'1': 'NetworkTrafficFiltering'}, {'2': 'OutboundTrafficFiltering'}, {'3': 'NetworkTrafficAnalysis'}, {'4': 'ProtocolMetadataAnomalyDetection'}]
p423;[{'1': 'AssetInventory'}, {'2': 'ConfigurationInventory'}, {'3': 'NetworkNodeInventory'}, {'4': 'SoftwareInventory'}]
p424;[{'1': 'NetworkTrafficFiltering'}, {'2': 'InboundTrafficFiltering'}, {'3': 'OutboundTrafficFiltering'}, {'4': 'NetworkTrafficAnalysis'}]
p425;[{'1': 'NetworkTrafficFiltering'}, {'2': 'InboundTrafficFiltering'}, {'3': 'OutboundTrafficFiltering'}, {'4': 'NetworkTrafficAnalysis'}]
p426;[{'1': 'UserGeolocationLogonPatternAnalysis'}, {'2': 'UserBehaviorAnalysis'}, {'3': 'AuthenticationEventThresholding'}, {'4': 'AuthorizationEventThresholding'}]
p427;[{'1': 'AssetVulnerabilityEnumeration'}, {'2': 'NetworkVulnerabilityAssessment'}, {'3': 'SystemVulnerabilityAssessment'}, {'4': 'OperationalRiskAssessment'}]
p428;[{'1': 'AssetVulnerabilityEnumeration'}, {'2': 'NetworkVulnerabilityAssessment'}, {'3': 'SystemVulnerabilityAssessment'}, {'4': 'OperationalRiskAssessment'}]
p42;[]
p430;[{'1': 'AssetVulnerabilityEnumeration'}, {'2': 'NetworkVulnerabilityAssessment'}, {'3': 'SystemVulnerabilityAssessment'}, {'4': 'OperationalRiskAssessment'}]
p431;[{'1': 'AssetVulnerabilityEnumeration'}, {'2': 'NetworkVulnerabilityAssessment'}, {'3': 'SystemVulnerabilityAssessment'}, {'4': 'OperationalRiskAssessment'}]
p432;[{'1': 'AssetVulnerabilityEnumeration'}, {'2': 'NetworkVulnerabilityAssessment'}, {'3': 'SystemVulnerabilityAssessment'}, {'4': 'OperationalRiskAssessment'}]
p433;[{'1': 'AssetVulnerabilityEnumeration'}, {'2': 'NetworkVulnerabilityAssessment'}, {'3': 'SystemVulnerabilityAssessment'}, {'4': 'OperationalRiskAssessment'}]
p434;[{'1': 'AssetInventory'}, {'2': 'ConfigurationInventory'}, {'3': 'NetworkNodeInventory'}, {'4': 'SoftwareInventory'}]
p435;[{'1': 'ConfigurationInventory'}, {'2': 'DataInventory'}, {'3': 'OperationalActivityMapping'}, {'4': 'OperationalDependencyMapping'}]
p436;[{'1': 'AssetVulnerabilityEnumeration'}, {'2': 'NetworkVulnerabilityAssessment'}, {'3': 'SystemVulnerabilityAssessment'}, {'4': 'OperationalRiskAssessment'}]
p437;[{'1': 'AssetVulnerabilityEnumeration'}, {'2': 'NetworkVulnerabilityAssessment'}, {'3': 'SystemVulnerabilityAssessment'}, {'4': 'OperationalRiskAssessment'}]
p438;[{'1': 'IdentifierAnalysis'}, {'2': 'IdentifierReputationAnalysis'}, {'3': 'URLAnalysis'}, {'4': 'URLReputationAnalysis'}]
p43;[]
p440;[{'1': 'ExecutableDenylisting'}, {'2': 'FileHashing'}, {'3': 'FileHashReputationAnalysis'}, {'4': 'FileRemoval'}]
p441;[{'1': 'ExecutableDenylisting'}, {'2': 'FileHashing'}, {'3': 'FileHashReputationAnalysis'}, {'4': 'FileRemoval'}]
p442;[{'1': 'ExecutableDenylisting'}, {'2': 'FileHashing'}, {'3': 'FileHashReputationAnalysis'}, {'4': 'FileRemoval'}]
p443;[{'1': 'ExecutableDenylisting'}, {'2': 'FileHashing'}, {'3': 'FileHashReputationAnalysis'}, {'4': 'FileRemoval'}]
p444;[{'1': 'ExecutableDenylisting'}, {'2': 'FileHashing'}, {'3': 'FileHashReputationAnalysis'}, {'4': 'FileRemoval'}]
p445;[{'1': 'ExecutableDenylisting'}, {'2': 'FileHashing'}, {'3': 'FileHashReputationAnalysis'}, {'4': 'FileRemoval'}]
p446;[{'1': 'ExecutableDenylisting'}, {'2': 'FileHashing'}, {'3': 'FileHashReputationAnalysis'}, {'4': 'FileRemoval'}]
p447;[{'1': 'ExecutableDenylisting'}, {'2': 'FileHashing'}, {'3': 'FileHashReputationAnalysis'}, {'4': 'FileRemoval'}]
p448;[{'1': 'ExecutableDenylisting'}, {'2': 'FileHashing'}, {'3': 'FileHashReputationAnalysis'}, {'4': 'FileRemoval'}]
p44;[]
p450;[{'1': 'ExecutableDenylisting'}, {'2': 'FileHashing'}, {'3': 'FileHashReputationAnalysis'}, {'4': 'FileRemoval'}]
p451;[{'1': 'ExecutableDenylisting'}, {'2': 'IPReputationAnalysis'}, {'3': 'DomainNameReputationAnalysis'}, {'4': 'FileHashReputationAnalysis'}]
p452;[{'1': 'ExecutableDenylisting'}, {'2': 'IPReputationAnalysis'}, {'3': 'DomainNameReputationAnalysis'}, {'4': 'FileHashReputationAnalysis'}]
p453;[{'1': 'ExecutableDenylisting'}, {'2': 'IPReputationAnalysis'}, {'3': 'DomainNameReputationAnalysis'}, {'4': 'FileHashReputationAnalysis'}]
p454;[{'1': 'ExecutableDenylisting'}, {'2': 'FileHashReputationAnalysis'}, {'3': 'FileAnalysis'}, {'4': 'FileRemoval'}]
p455;[{'1': 'URLReputationAnalysis'}, {'2': 'ExecutableDenylisting'}, {'3': 'DomainNameReputationAnalysis'}, {'4': 'IPReputationAnalysis'}]
p456;[{'1': 'AccountLocking'}, {'2': 'DomainAccountMonitoring'}, {'3': 'CredentialRevoking'}, {'4': 'CredentialEviction'}]
p457;[{'1': 'AccountLocking'}, {'2': 'DomainAccountMonitoring'}, {'3': 'CredentialRevoking'}, {'4': 'CredentialEviction'}]
p458;[{'1': 'InboundTrafficFiltering'}, {'2': 'OutboundTrafficFiltering'}, {'3': 'NetworkTrafficFiltering'}, {'4': 'IPReputationAnalysis'}]
p45;[]
p460;[{'1': 'InboundTrafficFiltering'}, {'2': 'OutboundTrafficFiltering'}, {'3': 'NetworkTrafficFiltering'}, {'4': 'IPReputationAnalysis'}]
p461;[{'1': 'InboundTrafficFiltering'}, {'2': 'OutboundTrafficFiltering'}, {'3': 'NetworkTrafficFiltering'}, {'4': 'IPReputationAnalysis'}]
p462;[{'1': 'InboundTrafficFiltering'}, {'2': 'OutboundTrafficFiltering'}, {'3': 'NetworkTrafficFiltering'}, {'4': 'IPReputationAnalysis'}]
p463;[{'1': 'InboundTrafficFiltering'}, {'2': 'OutboundTrafficFiltering'}, {'3': 'NetworkTrafficFiltering'}, {'4': 'IPReputationAnalysis'}]
p464;[{'1': 'InboundTrafficFiltering'}, {'2': 'OutboundTrafficFiltering'}, {'3': 'NetworkTrafficFiltering'}, {'4': 'IPReputationAnalysis'}]
p465;[{'1': 'InboundTrafficFiltering'}, {'2': 'OutboundTrafficFiltering'}, {'3': 'NetworkTrafficFiltering'}, {'4': 'IPReputationAnalysis'}]
p466;[{'1': 'InboundTrafficFiltering'}, {'2': 'OutboundTrafficFiltering'}, {'3': 'NetworkTrafficFiltering'}, {'4': 'IPReputationAnalysis'}]
p467;[{'1': 'InboundTrafficFiltering'}, {'2': 'OutboundTrafficFiltering'}, {'3': 'NetworkTrafficFiltering'}, {'4': 'IPReputationAnalysis'}]
p468;[{'1': 'InboundTrafficFiltering'}, {'2': 'OutboundTrafficFiltering'}, {'3': 'NetworkTrafficFiltering'}, {'4': 'IPReputationAnalysis'}]
p46;[]
p470;[{'1': 'SenderReputationAnalysis'}, {'2': 'DomainNameReputationAnalysis'}, {'3': 'ExecutableDenylisting'}, {'4': 'IPReputationAnalysis'}]
p471;[{'1': 'SenderReputationAnalysis'}, {'2': 'DomainNameReputationAnalysis'}, {'3': 'ExecutableDenylisting'}, {'4': 'IPReputationAnalysis'}]
p472;[{'1': 'URLReputationAnalysis'}, {'2': 'ExecutableDenylisting'}, {'3': 'DomainNameReputationAnalysis'}, {'4': 'IPReputationAnalysis'}]
p473;[]
p474;[{'1': 'InboundTrafficFiltering'}, {'2': 'OutboundTrafficFiltering'}, {'3': 'NetworkTrafficFiltering'}, {'4': 'IPReputationAnalysis'}]
p475;[{'1': 'InboundTrafficFiltering'}, {'2': 'OutboundTrafficFiltering'}, {'3': 'NetworkTrafficFiltering'}, {'4': 'IPReputationAnalysis'}]
p476;[{'1': 'InboundTrafficFiltering'}, {'2': 'OutboundTrafficFiltering'}, {'3': 'NetworkTrafficFiltering'}, {'4': 'IPReputationAnalysis'}]
p477;[{'1': 'InboundTrafficFiltering'}, {'2': 'OutboundTrafficFiltering'}, {'3': 'NetworkTrafficFiltering'}, {'4': 'IPReputationAnalysis'}]
p478;[{'1': 'InboundTrafficFiltering'}, {'2': 'OutboundTrafficFiltering'}, {'3': 'NetworkTrafficFiltering'}, {'4': 'IPReputationAnalysis'}]
p47;[]
p480;[{'1': 'InboundTrafficFiltering'}, {'2': 'OutboundTrafficFiltering'}, {'3': 'NetworkTrafficFiltering'}, {'4': 'IPReputationAnalysis'}]
p481;[{'1': 'InboundTrafficFiltering'}, {'2': 'OutboundTrafficFiltering'}, {'3': 'NetworkTrafficFiltering'}, {'4': 'IPReputationAnalysis'}]
p482;[{'1': 'InboundTrafficFiltering'}, {'2': 'OutboundTrafficFiltering'}, {'3': 'NetworkTrafficFiltering'}, {'4': 'IPReputationAnalysis'}]
p483;[{'1': 'InboundTrafficFiltering'}, {'2': 'OutboundTrafficFiltering'}, {'3': 'NetworkTrafficFiltering'}, {'4': 'IPReputationAnalysis'}]
p484;[{'1': 'DomainNameReputationAnalysis'}, {'2': 'URLReputationAnalysis'}, {'3': 'IdentifierReputationAnalysis'}, {'4': 'IdentifierAnalysis'}]
p485;[]
p486;[]
p487;[]
p488;[]
p48;[]
p490;[]
p491;[]
p492;[]
p493;[]
p494;[]
p495;[]
p496;[]
p497;[]
p49;[]
p4;[{'1': 'InboundTrafficFiltering'}, {'2': 'ExecutableDenylisting'}, {'3': 'NetworkTrafficFiltering'}, {'4': 'OutboundTrafficFiltering'}]
p500;[]
p501;[{'1': 'AccountLocking'}, {'2': 'DomainAccountMonitoring'}, {'3': 'CredentialRevoking'}, {'4': 'CredentialEviction'}]
p502;[{'1': 'AccountLocking'}, {'2': 'DomainAccountMonitoring'}, {'3': 'CredentialRevoking'}, {'4': 'CredentialEviction'}]
p503;[{'1': 'AccountLocking'}, {'2': 'DomainAccountMonitoring'}, {'3': 'CredentialRevoking'}, {'4': 'CredentialEviction'}]
p504;[{'1': 'AccountLocking'}, {'2': 'DomainAccountMonitoring'}, {'3': 'CredentialRevoking'}, {'4': 'CredentialEviction'}]
p505;[{'1': 'AccountLocking'}, {'2': 'DomainAccountMonitoring'}, {'3': 'CredentialRevoking'}, {'4': 'CredentialEviction'}]
p506;[]
p507;[]
p508;[]
p50;[]
p510;[]
p511;[]
p512;[]
p513;[]
p514;[]
p515;[]
p516;[]
p517;[]
p518;[]
p51;[]
p520;[]
p521;[]
p522;[]
p523;[]
p524;[]
p525;[]
p526;[]
p527;[]
p528;[]
p52;[]
p530;[]
p531;[]
p532;[]
p533;[]
p534;[]
p535;[{'1': 'EmailRemoval'}, {'2': 'EmailFiltering'}, {'3': 'SenderReputationAnalysis'}, {'4': 'DomainNameReputationAnalysis'}]
p536;[{'1': 'EmailRemoval'}, {'2': 'EmailFiltering'}, {'3': 'SenderReputationAnalysis'}, {'4': 'DomainNameReputationAnalysis'}]
p537;[{'1': 'EmailRemoval'}, {'2': 'EmailFiltering'}, {'3': 'SenderReputationAnalysis'}, {'4': 'DomainNameReputationAnalysis'}]
p538;[{'1': 'DNSTrafficAnalysis'}, {'2': 'URLReputationAnalysis'}, {'3': 'DomainNameReputationAnalysis'}, {'4': 'IdentifierReputationAnalysis'}]
p53;[]
p540;[]
p541;[{'1': 'CredentialRotation'}, {'2': 'CredentialRevoking'}, {'3': 'AccountLocking'}, {'4': 'UnlockAccount'}]
p542;[{'1': 'MessageAnalysis'}, {'2': 'UserBehaviorAnalysis'}, {'3': 'AdministrativeNetworkActivityAnalysis'}, {'4': 'NetworkTrafficAnalysis'}]
p543;[{'1': 'AssetVulnerabilityEnumeration'}, {'2': 'AssetInventory'}, {'3': 'NetworkVulnerabilityAssessment'}, {'4': 'SystemVulnerabilityAssessment'}]
p544;[{'1': 'IPReputationAnalysis'}, {'2': 'IdentifierReputationAnalysis'}, {'3': 'UserGeolocationLogonPatternAnalysis'}, {'4': 'IdentifierAnalysis'}]
p545;[{'1': 'IPReputationAnalysis'}, {'2': 'IdentifierReputationAnalysis'}, {'3': 'UserGeolocationLogonPatternAnalysis'}, {'4': 'IdentifierAnalysis'}]
p546;[{'1': 'AssetVulnerabilityEnumeration'}, {'2': 'AssetInventory'}, {'3': 'NetworkVulnerabilityAssessment'}, {'4': 'SystemVulnerabilityAssessment'}]
p547;[{'1': 'MessageAnalysis'}, {'2': 'UserBehaviorAnalysis'}, {'3': 'AdministrativeNetworkActivityAnalysis'}, {'4': 'NetworkTrafficAnalysis'}]
p548;[{'1': 'IPReputationAnalysis'}, {'2': 'IdentifierReputationAnalysis'}, {'3': 'UserGeolocationLogonPatternAnalysis'}, {'4': 'IdentifierAnalysis'}]
p54;[]
p550;[{'1': 'AssetVulnerabilityEnumeration'}, {'2': 'AssetInventory'}, {'3': 'NetworkVulnerabilityAssessment'}, {'4': 'SystemVulnerabilityAssessment'}]
p551;[{'1': 'NetworkIsolation'}, {'2': 'ExecutionIsolation'}, {'3': 'ProcessEviction'}, {'4': 'ProcessSuspension'}]
p552;[{'1': 'NetworkIsolation'}, {'2': 'ExecutionIsolation'}, {'3': 'ProcessEviction'}, {'4': 'ProcessSuspension'}]
p553;[{'1': 'AssetInventory'}, {'2': 'ConfigurationInventory'}, {'3': 'NetworkNodeInventory'}, {'4': 'SoftwareInventory'}]
p554;[{'1': 'AssetInventory'}, {'2': 'ConfigurationInventory'}, {'3': 'NetworkNodeInventory'}, {'4': 'SoftwareInventory'}]
p555;[{'1': 'DomainNameReputationAnalysis'}, {'2': 'IdentifierReputationAnalysis'}, {'3': 'URLReputationAnalysis'}, {'4': 'IdentifierAnalysis'}]
p556;[{'1': 'FileHashReputationAnalysis'}, {'2': 'IdentifierReputationAnalysis'}, {'3': 'FileHashing'}, {'4': 'IdentifierAnalysis'}]
p557;[{'1': 'IPReputationAnalysis'}, {'2': 'IdentifierReputationAnalysis'}, {'3': 'IdentifierAnalysis'}, {'4': 'URLReputationAnalysis'}]
p558;[{'1': 'URLReputationAnalysis'}, {'2': 'IdentifierReputationAnalysis'}, {'3': 'IdentifierAnalysis'}, {'4': 'DomainNameReputationAnalysis'}]
p55;[{'1': 'FileHashReputationAnalysis'}, {'2': 'IdentifierReputationAnalysis'}, {'3': 'IdentifierActivityAnalysis'}, {'4': 'IdentifierAnalysis'}]
p560;[{'1': 'AssetInventory'}, {'2': 'ConfigurationInventory'}, {'3': 'NetworkNodeInventory'}, {'4': 'SoftwareInventory'}]
p561;[{'1': 'AssetVulnerabilityEnumeration'}, {'2': 'AssetInventory'}, {'3': 'NetworkVulnerabilityAssessment'}, {'4': 'SystemVulnerabilityAssessment'}]
p562;[{'1': 'AssetVulnerabilityEnumeration'}, {'2': 'AssetInventory'}, {'3': 'NetworkVulnerabilityAssessment'}, {'4': 'SystemVulnerabilityAssessment'}]
p563;[{'1': 'AssetInventory'}, {'2': 'ConfigurationInventory'}, {'3': 'NetworkNodeInventory'}, {'4': 'SoftwareInventory'}]
p564;[{'1': 'AssetInventory'}, {'2': 'ConfigurationInventory'}, {'3': 'NetworkNodeInventory'}, {'4': 'SoftwareInventory'}]
p565;[{'1': 'AssetVulnerabilityEnumeration'}, {'2': 'AssetInventory'}, {'3': 'NetworkVulnerabilityAssessment'}, {'4': 'SystemVulnerabilityAssessment'}]
p566;[{'1': 'AssetVulnerabilityEnumeration'}, {'2': 'AssetInventory'}, {'3': 'NetworkVulnerabilityAssessment'}, {'4': 'SystemVulnerabilityAssessment'}]
p567;[{'1': 'AssetVulnerabilityEnumeration'}, {'2': 'AssetInventory'}, {'3': 'NetworkVulnerabilityAssessment'}, {'4': 'SystemVulnerabilityAssessment'}]
p568;[{'1': 'AssetVulnerabilityEnumeration'}, {'2': 'AssetInventory'}, {'3': 'NetworkVulnerabilityAssessment'}, {'4': 'SystemVulnerabilityAssessment'}]
p56;[{'1': 'IPReputationAnalysis'}, {'2': 'IdentifierReputationAnalysis'}, {'3': 'IdentifierActivityAnalysis'}, {'4': 'IdentifierAnalysis'}]
p570;[{'1': 'AssetVulnerabilityEnumeration'}, {'2': 'AssetInventory'}, {'3': 'NetworkVulnerabilityAssessment'}, {'4': 'SystemVulnerabilityAssessment'}]
p571;[{'1': 'AssetVulnerabilityEnumeration'}, {'2': 'AssetInventory'}, {'3': 'NetworkVulnerabilityAssessment'}, {'4': 'SystemVulnerabilityAssessment'}]
p572;[{'1': 'FileHashReputationAnalysis'}, {'2': 'IdentifierReputationAnalysis'}, {'3': 'FileHashing'}, {'4': 'IdentifierAnalysis'}]
p573;[{'1': 'AssetVulnerabilityEnumeration'}, {'2': 'AssetInventory'}, {'3': 'NetworkVulnerabilityAssessment'}, {'4': 'SystemVulnerabilityAssessment'}]
p574;[{'1': 'AssetVulnerabilityEnumeration'}, {'2': 'AssetInventory'}, {'3': 'NetworkVulnerabilityAssessment'}, {'4': 'SystemVulnerabilityAssessment'}]
p575;[{'1': 'DomainNameReputationAnalysis'}, {'2': 'IdentifierReputationAnalysis'}, {'3': 'URLReputationAnalysis'}, {'4': 'IdentifierAnalysis'}]
p576;[{'1': 'DomainNameReputationAnalysis'}, {'2': 'IdentifierReputationAnalysis'}, {'3': 'URLReputationAnalysis'}, {'4': 'IdentifierAnalysis'}]
p577;[{'1': 'AssetVulnerabilityEnumeration'}, {'2': 'AssetInventory'}, {'3': 'NetworkVulnerabilityAssessment'}, {'4': 'SystemVulnerabilityAssessment'}]
p578;[{'1': 'EmailFiltering'}, {'2': 'EmailRemoval'}, {'3': 'MessageAnalysis'}, {'4': 'SenderReputationAnalysis'}]
p57;[{'1': 'URLReputationAnalysis'}, {'2': 'IdentifierReputationAnalysis'}, {'3': 'IdentifierActivityAnalysis'}, {'4': 'IdentifierAnalysis'}]
p580;[{'1': 'EmailFiltering'}, {'2': 'EmailRemoval'}, {'3': 'MessageAnalysis'}, {'4': 'SenderReputationAnalysis'}]
p581;[{'1': 'AssetVulnerabilityEnumeration'}, {'2': 'AssetInventory'}, {'3': 'NetworkVulnerabilityAssessment'}, {'4': 'SystemVulnerabilityAssessment'}]
p582;[{'1': 'AssetVulnerabilityEnumeration'}, {'2': 'AssetInventory'}, {'3': 'NetworkVulnerabilityAssessment'}, {'4': 'SystemVulnerabilityAssessment'}]
p583;[{'1': 'UserBehaviorAnalysis'}, {'2': 'UserGeolocationLogonPatternAnalysis'}, {'3': 'AccountLocking'}, {'4': 'CredentialRevoking'}]
p584;[{'1': 'EmailFiltering'}, {'2': 'EmailRemoval'}, {'3': 'MessageAnalysis'}, {'4': 'SenderReputationAnalysis'}]
p585;[{'1': 'EmailFiltering'}, {'2': 'EmailRemoval'}, {'3': 'MessageAnalysis'}, {'4': 'SenderReputationAnalysis'}]
p586;[{'1': 'EmailFiltering'}, {'2': 'EmailRemoval'}, {'3': 'MessageAnalysis'}, {'4': 'SenderReputationAnalysis'}]
p587;[{'1': 'EmailFiltering'}, {'2': 'EmailRemoval'}, {'3': 'MessageAnalysis'}, {'4': 'SenderReputationAnalysis'}]
p588;[{'1': 'EmailFiltering'}, {'2': 'EmailRemoval'}, {'3': 'MessageAnalysis'}, {'4': 'SenderReputationAnalysis'}]
p58;[{'1': 'DomainNameReputationAnalysis'}, {'2': 'IdentifierReputationAnalysis'}, {'3': 'IdentifierActivityAnalysis'}, {'4': 'IdentifierAnalysis'}]
p590;[{'1': 'EmailFiltering'}, {'2': 'EmailRemoval'}, {'3': 'MessageAnalysis'}, {'4': 'SenderReputationAnalysis'}]
p591;[{'1': 'AssetVulnerabilityEnumeration'}, {'2': 'AssetInventory'}, {'3': 'NetworkVulnerabilityAssessment'}, {'4': 'SystemVulnerabilityAssessment'}]
p592;[{'1': 'EmailFiltering'}, {'2': 'EmailRemoval'}, {'3': 'MessageAnalysis'}, {'4': 'SenderReputationAnalysis'}]
p593;[{'1': 'EmailFiltering'}, {'2': 'EmailRemoval'}, {'3': 'MessageAnalysis'}, {'4': 'SenderReputationAnalysis'}]
p594;[{'1': 'NetworkIsolation'}, {'2': 'ExecutionIsolation'}, {'3': 'ProcessEviction'}, {'4': 'ProcessSuspension'}]
p595;[{'1': 'NetworkIsolation'}, {'2': 'ExecutionIsolation'}, {'3': 'ProcessEviction'}, {'4': 'ProcessSuspension'}]
p596;[{'1': 'NetworkIsolation'}, {'2': 'ExecutionIsolation'}, {'3': 'ProcessEviction'}, {'4': 'ProcessSuspension'}]
p597;[{'1': 'NetworkIsolation'}, {'2': 'ExecutionIsolation'}, {'3': 'ProcessEviction'}, {'4': 'ProcessSuspension'}]
p59;[{'1': 'DomainNameReputationAnalysis'}, {'2': 'IdentifierReputationAnalysis'}, {'3': 'IdentifierActivityAnalysis'}, {'4': 'IdentifierAnalysis'}]
p5;[{'1': 'InboundTrafficFiltering'}, {'2': 'ExecutableDenylisting'}, {'3': 'NetworkTrafficFiltering'}, {'4': 'OutboundTrafficFiltering'}]
p600;[{'1': 'NetworkIsolation'}, {'2': 'ExecutionIsolation'}, {'3': 'ProcessEviction'}, {'4': 'ProcessSuspension'}]
p601;[{'1': 'NetworkIsolation'}, {'2': 'ExecutionIsolation'}, {'3': 'ProcessEviction'}, {'4': 'ProcessSuspension'}]
p602;[{'1': 'NetworkIsolation'}, {'2': 'ExecutionIsolation'}, {'3': 'ProcessEviction'}, {'4': 'ProcessSuspension'}]
p603;[{'1': 'NetworkIsolation'}, {'2': 'ExecutionIsolation'}, {'3': 'ProcessEviction'}, {'4': 'ProcessSuspension'}]
p604;[{'1': 'NetworkIsolation'}, {'2': 'ExecutionIsolation'}, {'3': 'ProcessEviction'}, {'4': 'ProcessSuspension'}]
p605;[{'1': 'NetworkIsolation'}, {'2': 'ExecutionIsolation'}, {'3': 'ProcessEviction'}, {'4': 'ProcessSuspension'}]
p606;[{'1': 'NetworkIsolation'}, {'2': 'ExecutionIsolation'}, {'3': 'ProcessEviction'}, {'4': 'ProcessSuspension'}]
p607;[{'1': 'NetworkIsolation'}, {'2': 'ExecutionIsolation'}, {'3': 'ProcessEviction'}, {'4': 'ProcessSuspension'}]
p608;[{'1': 'NetworkIsolation'}, {'2': 'ExecutionIsolation'}, {'3': 'ProcessEviction'}, {'4': 'ProcessSuspension'}]
p60;[{'1': 'SenderReputationAnalysis'}, {'2': 'IdentifierReputationAnalysis'}, {'3': 'IdentifierActivityAnalysis'}, {'4': 'IdentifierAnalysis'}]
p610;[{'1': 'NetworkIsolation'}, {'2': 'ExecutionIsolation'}, {'3': 'ProcessEviction'}, {'4': 'ProcessSuspension'}]
p611;[{'1': 'NetworkIsolation'}, {'2': 'ExecutionIsolation'}, {'3': 'ProcessEviction'}, {'4': 'ProcessSuspension'}]
p612;[{'1': 'NetworkIsolation'}, {'2': 'ExecutionIsolation'}, {'3': 'ProcessEviction'}, {'4': 'ProcessSuspension'}]
p613;[{'1': 'NetworkIsolation'}, {'2': 'ExecutionIsolation'}, {'3': 'ProcessEviction'}, {'4': 'ProcessSuspension'}]
p614;[{'1': 'MessageAnalysis'}, {'2': 'UserBehaviorAnalysis'}, {'3': 'AdministrativeNetworkActivityAnalysis'}, {'4': 'NetworkTrafficAnalysis'}]
p615;[{'1': 'CredentialRotation'}, {'2': 'CredentialRevoking'}, {'3': 'AccountLocking'}, {'4': 'UnlockAccount'}]
p616;[{'1': 'CredentialRotation'}, {'2': 'CredentialRevoking'}, {'3': 'AccountLocking'}, {'4': 'UnlockAccount'}]
p617;[{'1': 'CredentialRevoking'}, {'2': 'CredentialEviction'}, {'3': 'AccountLocking'}, {'4': 'UnlockAccount'}]
p618;[{'1': 'CredentialRevoking'}, {'2': 'CredentialEviction'}, {'3': 'AccountLocking'}, {'4': 'UnlockAccount'}]
p61;[{'1': 'FileHashReputationAnalysis'}, {'2': 'IdentifierReputationAnalysis'}, {'3': 'IdentifierActivityAnalysis'}, {'4': 'IdentifierAnalysis'}]
p620;[{'1': 'AssetVulnerabilityEnumeration'}, {'2': 'AssetInventory'}, {'3': 'NetworkVulnerabilityAssessment'}, {'4': 'SystemVulnerabilityAssessment'}]
p621;[{'1': 'AssetInventory'}, {'2': 'ConfigurationInventory'}, {'3': 'NetworkNodeInventory'}, {'4': 'SoftwareInventory'}]
p622;[{'1': 'AssetVulnerabilityEnumeration'}, {'2': 'AssetInventory'}, {'3': 'NetworkVulnerabilityAssessment'}, {'4': 'SystemVulnerabilityAssessment'}]
p623;[{'1': 'AssetVulnerabilityEnumeration'}, {'2': 'AssetInventory'}, {'3': 'NetworkVulnerabilityAssessment'}, {'4': 'SystemVulnerabilityAssessment'}]
p624;[{'1': 'EmailFiltering'}, {'2': 'EmailRemoval'}, {'3': 'MessageAnalysis'}, {'4': 'SenderReputationAnalysis'}]
p625;[{'1': 'EmailFiltering'}, {'2': 'EmailRemoval'}, {'3': 'MessageAnalysis'}, {'4': 'SenderReputationAnalysis'}]
p626;[{'1': 'MessageAnalysis'}, {'2': 'UserBehaviorAnalysis'}, {'3': 'AdministrativeNetworkActivityAnalysis'}, {'4': 'NetworkTrafficAnalysis'}]
p627;[{'1': 'UserGeolocationLogonPatternAnalysis'}, {'2': 'UserBehaviorAnalysis'}, {'3': 'AdministrativeNetworkActivityAnalysis'}, {'4': 'NetworkTrafficAnalysis'}]
p628;[{'1': 'URLReputationAnalysis'}, {'2': 'IdentifierReputationAnalysis'}, {'3': 'IdentifierAnalysis'}, {'4': 'DomainNameReputationAnalysis'}]
p62;[{'1': 'IPReputationAnalysis'}, {'2': 'IdentifierReputationAnalysis'}, {'3': 'IdentifierActivityAnalysis'}, {'4': 'IdentifierAnalysis'}]
p630;[{'1': 'UnlockAccount'}, {'2': 'AccountLocking'}, {'3': 'CredentialRevoking'}, {'4': 'CredentialRotation'}]
p631;[{'1': 'UnlockAccount'}, {'2': 'RestoreUserAccountAccess'}, {'3': 'AccountLocking'}, {'4': 'UserAccountPermissions'}]
p632;[{'1': 'URLAnalysis'}, {'2': 'URLReputationAnalysis'}, {'3': 'MessageAnalysis'}, {'4': 'SenderReputationAnalysis'}]
p633;[{'1': 'URLAnalysis'}, {'2': 'URLReputationAnalysis'}, {'3': 'MessageAnalysis'}, {'4': 'SenderReputationAnalysis'}]
p634;[{'1': 'IdentifierAnalysis'}, {'2': 'IdentifierReputationAnalysis'}, {'3': 'IPReputationAnalysis'}, {'4': 'DomainNameReputationAnalysis'}]
p635;[{'1': 'AssetVulnerabilityEnumeration'}, {'2': 'ApplicationConfigurationHardening'}, {'3': 'ExecutableAllowlisting'}, {'4': 'ExecutableDenylisting'}]
p636;[{'1': 'AssetVulnerabilityEnumeration'}, {'2': 'ApplicationConfigurationHardening'}, {'3': 'ExecutableAllowlisting'}, {'4': 'ExecutableDenylisting'}]
p637;[{'1': 'AccessModeling'}, {'2': 'ConfigurationInventory'}, {'3': 'OrganizationMapping'}, {'4': 'UserAccountPermissions'}]
p638;[{'1': 'AccessModeling'}, {'2': 'ConfigurationInventory'}, {'3': 'OrganizationMapping'}, {'4': 'UserAccountPermissions'}]
p63;[{'1': 'URLReputationAnalysis'}, {'2': 'IdentifierReputationAnalysis'}, {'3': 'IdentifierActivityAnalysis'}, {'4': 'IdentifierAnalysis'}]
p640;[{'1': 'AccessModeling'}, {'2': 'ConfigurationInventory'}, {'3': 'OrganizationMapping'}, {'4': 'UserAccountPermissions'}]
p641;[{'1': 'AccessModeling'}, {'2': 'ConfigurationInventory'}, {'3': 'OrganizationMapping'}, {'4': 'UserAccountPermissions'}]
p642;[]
p643;[{'1': 'AccessModeling'}, {'2': 'ConfigurationInventory'}, {'3': 'OrganizationMapping'}, {'4': 'UserAccountPermissions'}]
p644;[{'1': 'AccessModeling'}, {'2': 'ConfigurationInventory'}, {'3': 'OrganizationMapping'}, {'4': 'UserAccountPermissions'}]
p645;[{'1': 'AccessModeling'}, {'2': 'ConfigurationInventory'}, {'3': 'OrganizationMapping'}, {'4': 'UserAccountPermissions'}]
p646;[{'1': 'AccessModeling'}, {'2': 'ConfigurationInventory'}, {'3': 'OrganizationMapping'}, {'4': 'UserAccountPermissions'}]
p647;[{'1': 'AccessModeling'}, {'2': 'ConfigurationInventory'}, {'3': 'OrganizationMapping'}, {'4': 'UserAccountPermissions'}]
p648;[{'1': 'AccessModeling'}, {'2': 'ConfigurationInventory'}, {'3': 'OrganizationMapping'}, {'4': 'UserAccountPermissions'}]
p64;[]
p650;[]
p651;[{'1': 'AccessModeling'}, {'2': 'ConfigurationInventory'}, {'3': 'OrganizationMapping'}, {'4': 'UserAccountPermissions'}]
p652;[]
p653;[{'1': 'CredentialRotation'}, {'2': 'CredentialRevoking'}, {'3': 'CredentialHardening'}, {'4': 'CredentialEviction'}]
p654;[{'1': 'AccessModeling'}, {'2': 'ConfigurationInventory'}, {'3': 'OrganizationMapping'}, {'4': 'UserAccountPermissions'}]
p655;[]
p656;[{'1': 'UnlockAccount'}, {'2': 'RestoreUserAccountAccess'}, {'3': 'AccountLocking'}, {'4': 'UserAccountPermissions'}]
p657;[{'1': 'CredentialRevoking'}, {'2': 'CredentialEviction'}, {'3': 'AccountLocking'}, {'4': 'UserAccountPermissions'}]
p658;[{'1': 'OperatingSystemMonitoring'}, {'2': 'PlatformMonitoring'}, {'3': 'SystemFileAnalysis'}, {'4': 'SystemDaemonMonitoring'}]
p65;[]
p660;[{'1': 'SoftwareInventory'}, {'2': 'ConfigurationInventory'}, {'3': 'AssetInventory'}, {'4': 'SystemFileAnalysis'}]
p661;[{'1': 'SoftwareInventory'}, {'2': 'ConfigurationInventory'}, {'3': 'AssetInventory'}, {'4': 'SystemFileAnalysis'}]
p662;[{'1': 'ProcessAnalysis'}, {'2': 'ProcessLineageAnalysis'}, {'3': 'ProcessSpawnAnalysis'}, {'4': 'ProcessEviction'}]
p663;[{'1': 'SoftwareInventory'}, {'2': 'ConfigurationInventory'}, {'3': 'AssetInventory'}, {'4': 'SystemFileAnalysis'}]
p664;[{'1': 'ProcessEviction'}, {'2': 'ProcessTermination'}, {'3': 'ProcessSuspension'}, {'4': 'ProcessAnalysis'}]
p665;[{'1': 'SystemDaemonMonitoring'}, {'2': 'OperatingSystemMonitoring'}, {'3': 'PlatformMonitoring'}, {'4': 'SystemFileAnalysis'}]
p666;[{'1': 'CredentialRotation'}, {'2': 'CredentialRevoking'}, {'3': 'CredentialHardening'}, {'4': 'CredentialEviction'}]
p667;[{'1': 'SystemDaemonMonitoring'}, {'2': 'OperatingSystemMonitoring'}, {'3': 'PlatformMonitoring'}, {'4': 'SystemFileAnalysis'}]
p668;[{'1': 'ConfigurationInventory'}, {'2': 'NetworkNodeInventory'}, {'3': 'NetworkMapping'}, {'4': 'NetworkTrafficPolicyMapping'}]
p66;[]
p670;[{'1': 'ConfigurationInventory'}, {'2': 'NetworkNodeInventory'}, {'3': 'NetworkMapping'}, {'4': 'NetworkTrafficPolicyMapping'}]
p671;[{'1': 'ConfigurationInventory'}, {'2': 'NetworkNodeInventory'}, {'3': 'NetworkMapping'}, {'4': 'NetworkTrafficPolicyMapping'}]
p672;[{'1': 'ConfigurationInventory'}, {'2': 'NetworkNodeInventory'}, {'3': 'NetworkMapping'}, {'4': 'NetworkTrafficPolicyMapping'}]
p673;[{'1': 'ConfigurationInventory'}, {'2': 'NetworkNodeInventory'}, {'3': 'NetworkMapping'}, {'4': 'NetworkTrafficPolicyMapping'}]
p674;[{'1': 'DatabaseQueryStringAnalysis'}, {'2': 'ConfigurationInventory'}, {'3': 'DataInventory'}, {'4': 'DataExchangeMapping'}]
p675;[{'1': 'DatabaseQueryStringAnalysis'}, {'2': 'ConfigurationInventory'}, {'3': 'DataInventory'}, {'4': 'DataExchangeMapping'}]
p676;[{'1': 'DatabaseQueryStringAnalysis'}, {'2': 'ConfigurationInventory'}, {'3': 'DataInventory'}, {'4': 'DataExchangeMapping'}]
p677;[{'1': 'DatabaseQueryStringAnalysis'}, {'2': 'ConfigurationInventory'}, {'3': 'DataInventory'}, {'4': 'DataExchangeMapping'}]
p678;[]
p67;[]
p680;[]
p681;[]
p682;[]
p683;[]
p684;[]
p685;[{'1': 'FileEviction'}, {'2': 'FileRemoval'}, {'3': 'FileEncryption'}, {'4': 'FileHashing'}]
p686;[{'1': 'FileEviction'}, {'2': 'FileRemoval'}, {'3': 'FileEncryption'}, {'4': 'FileHashing'}]
p687;[{'1': 'FileEviction'}, {'2': 'FileRemoval'}, {'3': 'FileEncryption'}, {'4': 'FileHashing'}]
p688;[{'1': 'FileIntegrityMonitoring'}, {'2': 'FileAccessPatternAnalysis'}, {'3': 'FileContentAnalysis'}, {'4': 'FileHashing'}]
p68;[{'1': 'SoftwareUpdate'}, {'2': 'RestoreConfiguration'}, {'3': 'RestoreSoftware'}, {'4': 'RestoreDiskImage'}]
p690;[{'1': 'FileIntegrityMonitoring'}, {'2': 'FileAccessPatternAnalysis'}, {'3': 'FileContentAnalysis'}, {'4': 'FileHashing'}]
p691;[{'1': 'FileIntegrityMonitoring'}, {'2': 'FileAccessPatternAnalysis'}, {'3': 'FileContentAnalysis'}, {'4': 'FileHashing'}]
p692;[{'1': 'FileIntegrityMonitoring'}, {'2': 'FileAccessPatternAnalysis'}, {'3': 'FileContentAnalysis'}, {'4': 'FileHashing'}]
p693;[{'1': 'FileEviction'}, {'2': 'FileRemoval'}, {'3': 'FileEncryption'}, {'4': 'FileHashing'}]
p694;[{'1': 'FileEviction'}, {'2': 'FileRemoval'}, {'3': 'FileEncryption'}, {'4': 'FileHashing'}]
p695;[{'1': 'FileEviction'}, {'2': 'FileRemoval'}, {'3': 'FileEncryption'}, {'4': 'FileHashing'}]
p696;[{'1': 'FileEviction'}, {'2': 'FileRemoval'}, {'3': 'FileEncryption'}, {'4': 'FileHashing'}]
p697;[{'1': 'FileEviction'}, {'2': 'FileRemoval'}, {'3': 'FileEncryption'}, {'4': 'FileHashing'}]
p69;[{'1': 'ProcessAnalysis'}, {'2': 'ProcessLineageAnalysis'}, {'3': 'ProcessSpawnAnalysis'}, {'4': 'ProcessSelf-ModificationDetection'}]
p6;[{'1': 'InboundTrafficFiltering'}, {'2': 'ExecutableDenylisting'}, {'3': 'NetworkTrafficFiltering'}, {'4': 'OutboundTrafficFiltering'}]
p700;[{'1': 'FileEviction'}, {'2': 'FileRemoval'}, {'3': 'FileEncryption'}, {'4': 'FileHashing'}]
p701;[{'1': 'FileIntegrityMonitoring'}, {'2': 'FileAccessPatternAnalysis'}, {'3': 'FileContentAnalysis'}, {'4': 'FileHashing'}]
p702;[{'1': 'FileIntegrityMonitoring'}, {'2': 'FileAccessPatternAnalysis'}, {'3': 'FileContentAnalysis'}, {'4': 'FileHashing'}]
p703;[]
p704;[{'1': 'FileIntegrityMonitoring'}, {'2': 'FileAccessPatternAnalysis'}, {'3': 'FileContentAnalysis'}, {'4': 'FileHashing'}]
p705;[]
p706;[]
p707;[]
p708;[{'1': 'FileEviction'}, {'2': 'FileRemoval'}, {'3': 'FileEncryption'}, {'4': 'FileHashing'}]
p70;[]
p710;[{'1': 'FileEviction'}, {'2': 'FileRemoval'}, {'3': 'FileEncryption'}, {'4': 'FileHashing'}]
p711;[{'1': 'FileEviction'}, {'2': 'FileRemoval'}, {'3': 'FileEncryption'}, {'4': 'FileHashing'}]
p712;[]
p713;[]
p714;[]
p715;[]
p716;[]
p717;[]
p718;[]
p71;[]
p720;[]
p721;[]
p722;[]
p723;[]
p724;[]
p725;[]
p726;[]
p727;[]
p728;[]
p72;[{'1': 'FileHashReputationAnalysis'}, {'2': 'IdentifierReputationAnalysis'}, {'3': 'IdentifierActivityAnalysis'}, {'4': 'IdentifierAnalysis'}]
p730;[{'1': 'DomainAccountMonitoring'}, {'2': 'UserAccountPermissions'}, {'3': 'AccessModeling'}, {'4': 'AdministrativeNetworkActivityAnalysis'}]
p731;[{'1': 'SystemConfigurationPermissions'}, {'2': 'SystemFileAnalysis'}, {'3': 'AccessModeling'}, {'4': 'AdministrativeNetworkActivityAnalysis'}]
p732;[{'1': 'AuthenticationEventThresholding'}, {'2': 'AccessModeling'}, {'3': 'AdministrativeNetworkActivityAnalysis'}, {'4': 'UserBehaviorAnalysis'}]
p733;[{'1': 'UserAccountPermissions'}, {'2': 'SystemConfigurationPermissions'}, {'3': 'AccessModeling'}, {'4': 'AdministrativeNetworkActivityAnalysis'}]
p734;[{'1': 'ServiceBinaryVerification'}, {'2': 'AccessModeling'}, {'3': 'AdministrativeNetworkActivityAnalysis'}, {'4': 'UserBehaviorAnalysis'}]
p735;[{'1': 'FileAnalysis'}, {'2': 'FileContentAnalysis'}, {'3': 'FileHashing'}, {'4': 'FileIntegrityMonitoring'}]
p736;[{'1': 'ProcessAnalysis'}, {'2': 'ProcessSpawnAnalysis'}, {'3': 'ProcessLineageAnalysis'}, {'4': 'ProcessSelf-ModificationDetection'}]
p737;[{'1': 'SystemDaemonMonitoring'}, {'2': 'ServiceBinaryVerification'}, {'3': 'AccessModeling'}, {'4': 'AdministrativeNetworkActivityAnalysis'}]
p738;[{'1': 'SystemDaemonMonitoring'}, {'2': 'ServiceBinaryVerification'}, {'3': 'AccessModeling'}, {'4': 'AdministrativeNetworkActivityAnalysis'}]
p73;[]
p740;[{'1': 'SystemFileAnalysis'}, {'2': 'AccessModeling'}, {'3': 'AdministrativeNetworkActivityAnalysis'}, {'4': 'UserBehaviorAnalysis'}]
p741;[{'1': 'FileAnalysis'}, {'2': 'FileContentAnalysis'}, {'3': 'FileHashing'}, {'4': 'FileIntegrityMonitoring'}]
p742;[]
p743;[]
p744;[{'1': 'SoftwareInventory'}, {'2': 'ConfigurationInventory'}, {'3': 'AccessModeling'}, {'4': 'AdministrativeNetworkActivityAnalysis'}]
p745;[{'1': 'SystemFileAnalysis'}, {'2': 'AccessModeling'}, {'3': 'AdministrativeNetworkActivityAnalysis'}, {'4': 'UserBehaviorAnalysis'}]
p746;[]
p747;[{'1': 'SystemFileAnalysis'}, {'2': 'AccessModeling'}, {'3': 'AdministrativeNetworkActivityAnalysis'}, {'4': 'UserBehaviorAnalysis'}]
p748;[{'1': 'SystemFileAnalysis'}, {'2': 'AccessModeling'}, {'3': 'AdministrativeNetworkActivityAnalysis'}, {'4': 'UserBehaviorAnalysis'}]
p74;[{'1': 'FileHashReputationAnalysis'}, {'2': 'IdentifierReputationAnalysis'}, {'3': 'IdentifierActivityAnalysis'}, {'4': 'IdentifierAnalysis'}]
p750;[{'1': 'NetworkTrafficAnalysis'}, {'2': 'NetworkTrafficFiltering'}, {'3': 'AccessModeling'}, {'4': 'AdministrativeNetworkActivityAnalysis'}]
p751;[{'1': 'NetworkTrafficAnalysis'}, {'2': 'NetworkTrafficFiltering'}, {'3': 'AccessModeling'}, {'4': 'AdministrativeNetworkActivityAnalysis'}]
p752;[{'1': 'SystemFileAnalysis'}, {'2': 'AccessModeling'}, {'3': 'AdministrativeNetworkActivityAnalysis'}, {'4': 'UserBehaviorAnalysis'}]
p753;[]
p754;[]
p755;[{'1': 'HostReboot'}, {'2': 'ProcessEviction'}, {'3': 'AccessModeling'}, {'4': 'AdministrativeNetworkActivityAnalysis'}]
p756;[{'1': 'HostShutdown'}, {'2': 'ProcessEviction'}, {'3': 'AccessModeling'}, {'4': 'AdministrativeNetworkActivityAnalysis'}]
p757;[]
p758;[]
p75;[]
p760;[{'1': 'SoftwareInventory'}, {'2': 'ConfigurationInventory'}, {'3': 'AccessModeling'}, {'4': 'AdministrativeNetworkActivityAnalysis'}]
p761;[{'1': 'SoftwareInventory'}, {'2': 'ConfigurationInventory'}, {'3': 'AccessModeling'}, {'4': 'AdministrativeNetworkActivityAnalysis'}]
p762;[{'1': 'SoftwareInventory'}, {'2': 'ConfigurationInventory'}, {'3': 'AccessModeling'}, {'4': 'AdministrativeNetworkActivityAnalysis'}]
p763;[{'1': 'SoftwareInventory'}, {'2': 'ConfigurationInventory'}, {'3': 'AccessModeling'}, {'4': 'AdministrativeNetworkActivityAnalysis'}]
p764;[{'1': 'SoftwareInventory'}, {'2': 'ConfigurationInventory'}, {'3': 'AccessModeling'}, {'4': 'AdministrativeNetworkActivityAnalysis'}]
p765;[{'1': 'FileEviction'}, {'2': 'FileRemoval'}, {'3': 'AccessModeling'}, {'4': 'AdministrativeNetworkActivityAnalysis'}]
p766;[{'1': 'FileEviction'}, {'2': 'FileRemoval'}, {'3': 'AccessModeling'}, {'4': 'AdministrativeNetworkActivityAnalysis'}]
p767;[]
p768;[]
p76;[]
p770;[{'1': 'SoftwareInventory'}, {'2': 'ConfigurationInventory'}, {'3': 'AccessModeling'}, {'4': 'AdministrativeNetworkActivityAnalysis'}]
p771;[{'1': 'SystemDaemonMonitoring'}, {'2': 'ServiceBinaryVerification'}, {'3': 'AccessModeling'}, {'4': 'AdministrativeNetworkActivityAnalysis'}]
p772;[{'1': 'SystemDaemonMonitoring'}, {'2': 'ServiceBinaryVerification'}, {'3': 'AccessModeling'}, {'4': 'AdministrativeNetworkActivityAnalysis'}]
p773;[{'1': 'URLAnalysis'}, {'2': 'URLReputationAnalysis'}, {'3': 'AccessModeling'}, {'4': 'AdministrativeNetworkActivityAnalysis'}]
p774;[{'1': 'SystemDaemonMonitoring'}, {'2': 'ServiceBinaryVerification'}, {'3': 'AccessModeling'}, {'4': 'AdministrativeNetworkActivityAnalysis'}]
p775;[{'1': 'SystemDaemonMonitoring'}, {'2': 'ServiceBinaryVerification'}, {'3': 'AccessModeling'}, {'4': 'AdministrativeNetworkActivityAnalysis'}]
p776;[]
p777;[]
p778;[{'1': 'ProcessAnalysis'}, {'2': 'ProcessSpawnAnalysis'}, {'3': 'ProcessLineageAnalysis'}, {'4': 'ProcessSelf-ModificationDetection'}]
p77;[]
p780;[{'1': 'SystemDaemonMonitoring'}, {'2': 'ServiceBinaryVerification'}, {'3': 'AccessModeling'}, {'4': 'AdministrativeNetworkActivityAnalysis'}]
p781;[{'1': 'URLAnalysis'}, {'2': 'URLReputationAnalysis'}, {'3': 'AccessModeling'}, {'4': 'AdministrativeNetworkActivityAnalysis'}]
p782;[{'1': 'SystemFileAnalysis'}, {'2': 'AccessModeling'}, {'3': 'AdministrativeNetworkActivityAnalysis'}, {'4': 'UserBehaviorAnalysis'}]
p783;[{'1': 'SystemFileAnalysis'}, {'2': 'AccessModeling'}, {'3': 'AdministrativeNetworkActivityAnalysis'}, {'4': 'UserBehaviorAnalysis'}]
p784;[{'1': 'UnlockAccount'}, {'2': 'UserAccountPermissions'}, {'3': 'AccessModeling'}, {'4': 'AdministrativeNetworkActivityAnalysis'}]
p785;[]
p786;[]
p787;[{'1': 'EmailFiltering'}, {'2': 'EmailRemoval'}, {'3': 'AccessModeling'}, {'4': 'AdministrativeNetworkActivityAnalysis'}]
p788;[]
p78;[{'1': 'AssetInventory'}, {'2': 'ConfigurationInventory'}, {'3': 'SoftwareInventory'}, {'4': 'HardwareComponentInventory'}]
p790;[]
p791;[]
p792;[{'1': 'FileHashing'}, {'2': 'FileHashReputationAnalysis'}, {'3': 'AccessModeling'}, {'4': 'AdministrativeNetworkActivityAnalysis'}]
p793;[]
p794;[{'1': 'IPReputationAnalysis'}, {'2': 'IdentifierReputationAnalysis'}, {'3': 'AccessModeling'}, {'4': 'AdministrativeNetworkActivityAnalysis'}]
p795;[]
p796;[]
p797;[]
p79;[{'1': 'IdentifierAnalysis'}, {'2': 'IdentifierActivityAnalysis'}, {'3': 'IdentifierReputationAnalysis'}, {'4': 'IPReputationAnalysis'}]
p7;[{'1': 'InboundTrafficFiltering'}, {'2': 'ExecutableDenylisting'}, {'3': 'NetworkTrafficFiltering'}, {'4': 'OutboundTrafficFiltering'}]
p800;[]
p801;[]
p802;[]
p803;[]
p804;[]
p805;[]
p806;[{'1': 'PhishingDetection'}, {'2': 'ThreatIntelligence'}, {'3': 'AccessModeling'}, {'4': 'AdministrativeNetworkActivityAnalysis'}]
p807;[{'1': 'CertificateAnalysis'}, {'2': 'ActiveCertificateAnalysis'}, {'3': 'AccessModeling'}, {'4': 'AdministrativeNetworkActivityAnalysis'}]
p808;[{'1': 'CredentialRotation'}, {'2': 'CredentialRevoking'}, {'3': 'AccessModeling'}, {'4': 'AdministrativeNetworkActivityAnalysis'}]
p80;[]
p810;[]
p811;[{'1': 'UserBehaviorAnalysis'}, {'2': 'OrganizationMapping'}, {'3': 'OperationalActivityMapping'}, {'4': 'OperationalDependencyMapping'}]
p812;[{'1': 'AccountLocking'}, {'2': 'CredentialRevoking'}, {'3': 'CredentialEviction'}, {'4': 'RestoreUserAccountAccess'}]
p813;[{'1': 'AccessModeling'}, {'2': 'OperationalActivityMapping'}, {'3': 'OperationalDependencyMapping'}, {'4': 'UserBehaviorAnalysis'}]
p814;[{'1': 'AccessModeling'}, {'2': 'OperationalActivityMapping'}, {'3': 'OperationalDependencyMapping'}, {'4': 'UserBehaviorAnalysis'}]
p815;[{'1': 'ExecutableDenylisting'}, {'2': 'DNSDenylisting'}, {'3': 'ForwardResolutionDomainDenylisting'}, {'4': 'ForwardResolutionIPDenylisting'}]
p816;[{'1': 'BotnetDetection'}, {'2': 'NetworkTrafficAnalysis'}, {'3': 'NetworkTrafficFiltering'}, {'4': 'AdministrativeNetworkActivityAnalysis'}]
p817;[{'1': 'NetworkTrafficAnalysis'}, {'2': 'NetworkTrafficFiltering'}, {'3': 'ProcessEviction'}, {'4': 'ExecutableDenylisting'}]
p818;[{'1': 'CredentialRotation'}, {'2': 'CredentialRevoking'}, {'3': 'CredentialEviction'}, {'4': 'AccountLocking'}]
p81;[]
p820;[{'1': 'OperationalActivityMapping'}, {'2': 'OperationalDependencyMapping'}, {'3': 'OrganizationMapping'}, {'4': 'UserBehaviorAnalysis'}]
p821;[{'1': 'ExecutableDenylisting'}, {'2': 'ProcessEviction'}, {'3': 'NetworkTrafficFiltering'}, {'4': 'AdministrativeNetworkActivityAnalysis'}]
p822;[{'1': 'NetworkTrafficFiltering'}, {'2': 'InboundTrafficFiltering'}, {'3': 'OutboundTrafficFiltering'}, {'4': 'NetworkTrafficPolicyMapping'}]
p823;[{'1': 'NetworkTrafficFiltering'}, {'2': 'InboundTrafficFiltering'}, {'3': 'OutboundTrafficFiltering'}, {'4': 'NetworkTrafficPolicyMapping'}]
p824;[{'1': 'FileRemoval'}, {'2': 'FileAnalysis'}, {'3': 'FileContentAnalysis'}, {'4': 'FileHashing'}]
p825;[{'1': 'OperationalActivityMapping'}, {'2': 'OperationalDependencyMapping'}, {'3': 'OrganizationMapping'}, {'4': 'UserBehaviorAnalysis'}]
p826;[{'1': 'DNSDenylisting'}, {'2': 'DomainNameReputationAnalysis'}, {'3': 'NetworkTrafficAnalysis'}, {'4': 'URLReputationAnalysis'}]
p827;[{'1': 'DNSDenylisting'}, {'2': 'ForwardResolutionDomainDenylisting'}, {'3': 'ForwardResolutionIPDenylisting'}, {'4': 'NetworkTrafficFiltering'}]
p828;[{'1': 'DomainNameReputationAnalysis'}, {'2': 'URLReputationAnalysis'}, {'3': 'DNSDenylisting'}, {'4': 'NetworkTrafficAnalysis'}]
p82;[]
p830;[{'1': 'NetworkTrafficFiltering'}, {'2': 'InboundTrafficFiltering'}, {'3': 'OutboundTrafficFiltering'}, {'4': 'NetworkTrafficPolicyMapping'}]
p831;[{'1': 'FileHashing'}, {'2': 'FileAnalysis'}, {'3': 'FileContentAnalysis'}, {'4': 'ExecutableDenylisting'}]
p832;[{'1': 'NetworkTrafficAnalysis'}, {'2': 'NetworkTrafficFiltering'}, {'3': 'FileCarving'}, {'4': 'FileAnalysis'}]
p833;[{'1': 'AccountLocking'}, {'2': 'CredentialRevoking'}, {'3': 'CredentialEviction'}, {'4': 'RestoreUserAccountAccess'}]
p834;[{'1': 'DataExfiltrationDetection'}, {'2': 'NetworkTrafficAnalysis'}, {'3': 'NetworkTrafficFiltering'}, {'4': 'AdministrativeNetworkActivityAnalysis'}]
p835;[{'1': 'NetworkTrafficAnalysis'}, {'2': 'NetworkTrafficFiltering'}, {'3': 'ExecutableDenylisting'}, {'4': 'AdministrativeNetworkActivityAnalysis'}]
p836;[{'1': 'DNSDenylisting'}, {'2': 'DomainNameReputationAnalysis'}, {'3': 'NetworkTrafficAnalysis'}, {'4': 'URLReputationAnalysis'}]
p837;[{'1': 'AccessModeling'}, {'2': 'OperationalActivityMapping'}, {'3': 'OperationalDependencyMapping'}, {'4': 'UserBehaviorAnalysis'}]
p838;[{'1': 'DomainNameReputationAnalysis'}, {'2': 'URLReputationAnalysis'}, {'3': 'DNSDenylisting'}, {'4': 'NetworkTrafficAnalysis'}]
p83;[]
p840;[{'1': 'IPReputationAnalysis'}, {'2': 'NetworkTrafficAnalysis'}, {'3': 'NetworkTrafficFiltering'}, {'4': 'AdministrativeNetworkActivityAnalysis'}]
p841;[{'1': 'IPReputationAnalysis'}, {'2': 'NetworkTrafficAnalysis'}, {'3': 'NetworkTrafficFiltering'}, {'4': 'AdministrativeNetworkActivityAnalysis'}]
p842;[{'1': 'IPReputationAnalysis'}, {'2': 'NetworkTrafficAnalysis'}, {'3': 'NetworkTrafficFiltering'}, {'4': 'AdministrativeNetworkActivityAnalysis'}]
p843;[{'1': 'NetworkTrafficFiltering'}, {'2': 'InboundTrafficFiltering'}, {'3': 'OutboundTrafficFiltering'}, {'4': 'NetworkTrafficPolicyMapping'}]
p844;[{'1': 'NetworkTrafficAnalysis'}, {'2': 'NetworkTrafficFiltering'}, {'3': 'ExecutableDenylisting'}, {'4': 'AdministrativeNetworkActivityAnalysis'}]
p845;[{'1': 'IndicatorEnrichment'}, {'2': 'OperationalActivityMapping'}, {'3': 'OperationalDependencyMapping'}, {'4': 'UserBehaviorAnalysis'}]
p846;[{'1': 'VulnerabilityAssessment'}, {'2': 'SystemVulnerabilityAssessment'}, {'3': 'NetworkVulnerabilityAssessment'}, {'4': 'OperationalRiskAssessment'}]
p847;[{'1': 'SystemVulnerabilityAssessment'}, {'2': 'NetworkVulnerabilityAssessment'}, {'3': 'OperationalRiskAssessment'}, {'4': 'ProcessAnalysis'}]
p848;[{'1': 'SystemVulnerabilityAssessment'}, {'2': 'NetworkVulnerabilityAssessment'}, {'3': 'OperationalRiskAssessment'}, {'4': 'ProcessAnalysis'}]
p84;[]
p850;[{'1': 'SystemVulnerabilityAssessment'}, {'2': 'NetworkVulnerabilityAssessment'}, {'3': 'OperationalRiskAssessment'}, {'4': 'ProcessAnalysis'}]
p851;[{'1': 'SystemVulnerabilityAssessment'}, {'2': 'NetworkVulnerabilityAssessment'}, {'3': 'OperationalRiskAssessment'}, {'4': 'ProcessAnalysis'}]
p852;[{'1': 'SystemVulnerabilityAssessment'}, {'2': 'NetworkVulnerabilityAssessment'}, {'3': 'OperationalRiskAssessment'}, {'4': 'ProcessAnalysis'}]
p853;[{'1': 'OperationalActivityMapping'}, {'2': 'OperationalDependencyMapping'}, {'3': 'OrganizationMapping'}, {'4': 'UserBehaviorAnalysis'}]
p854;[{'1': 'IPReputationAnalysis'}, {'2': 'NetworkTrafficAnalysis'}, {'3': 'NetworkTrafficFiltering'}, {'4': 'AdministrativeNetworkActivityAnalysis'}]
p855;[{'1': 'IPReputationAnalysis'}, {'2': 'NetworkTrafficAnalysis'}, {'3': 'NetworkTrafficFiltering'}, {'4': 'AdministrativeNetworkActivityAnalysis'}]
p856;[{'1': 'DomainNameReputationAnalysis'}, {'2': 'URLReputationAnalysis'}, {'3': 'DNSDenylisting'}, {'4': 'NetworkTrafficAnalysis'}]
p857;[{'1': 'SystemVulnerabilityAssessment'}, {'2': 'NetworkVulnerabilityAssessment'}, {'3': 'OperationalRiskAssessment'}, {'4': 'ProcessAnalysis'}]
p858;[{'1': 'SystemVulnerabilityAssessment'}, {'2': 'NetworkVulnerabilityAssessment'}, {'3': 'OperationalRiskAssessment'}, {'4': 'ProcessAnalysis'}]
p85;[]
p860;[{'1': 'NetworkTrafficAnalysis'}, {'2': 'NetworkTrafficFiltering'}, {'3': 'ExecutableDenylisting'}, {'4': 'AdministrativeNetworkActivityAnalysis'}]
p861;[{'1': 'SystemVulnerabilityAssessment'}, {'2': 'NetworkVulnerabilityAssessment'}, {'3': 'OperationalRiskAssessment'}, {'4': 'ProcessAnalysis'}]
p862;[{'1': 'UserBehaviorAnalysis'}, {'2': 'OperationalActivityMapping'}, {'3': 'OperationalDependencyMapping'}, {'4': 'OrganizationMapping'}]
p863;[{'1': 'MalwareDetection'}, {'2': 'NetworkTrafficAnalysis'}, {'3': 'NetworkTrafficFiltering'}, {'4': 'ExecutableDenylisting'}]
p864;[{'1': 'PhishingDetection'}, {'2': 'NetworkTrafficAnalysis'}, {'3': 'NetworkTrafficFiltering'}, {'4': 'ExecutableDenylisting'}]
p865;[{'1': 'ServiceMonitoring'}, {'2': 'NetworkTrafficAnalysis'}, {'3': 'NetworkTrafficFiltering'}, {'4': 'ExecutableDenylisting'}]
p866;[{'1': 'OperationalActivityMapping'}, {'2': 'OperationalDependencyMapping'}, {'3': 'OrganizationMapping'}, {'4': 'UserBehaviorAnalysis'}]
p867;[{'1': 'IPReputationAnalysis'}, {'2': 'NetworkTrafficAnalysis'}, {'3': 'NetworkTrafficFiltering'}, {'4': 'AdministrativeNetworkActivityAnalysis'}]
p868;[{'1': 'PhishingDetection'}, {'2': 'NetworkTrafficAnalysis'}, {'3': 'NetworkTrafficFiltering'}, {'4': 'ExecutableDenylisting'}]
p86;[]
p870;[{'1': 'OperationalActivityMapping'}, {'2': 'OperationalDependencyMapping'}, {'3': 'OrganizationMapping'}, {'4': 'UserBehaviorAnalysis'}]
p871;[{'1': 'NetworkTrafficAnalysis'}, {'2': 'NetworkTrafficFiltering'}, {'3': 'ExecutableDenylisting'}, {'4': 'AdministrativeNetworkActivityAnalysis'}]
p872;[{'1': 'RansomwareDetection'}, {'2': 'NetworkTrafficAnalysis'}, {'3': 'NetworkTrafficFiltering'}, {'4': 'ExecutableDenylisting'}]
p873;[{'1': 'NetworkTrafficAnalysis'}, {'2': 'NetworkTrafficFiltering'}, {'3': 'ExecutableDenylisting'}, {'4': 'AdministrativeNetworkActivityAnalysis'}]
p874;[{'1': 'CredentialRevoking'}, {'2': 'CredentialEviction'}, {'3': 'AccountLocking'}, {'4': 'RestoreUserAccountAccess'}]
p875;[{'1': 'IndicatorEnrichment'}, {'2': 'OperationalActivityMapping'}, {'3': 'OperationalDependencyMapping'}, {'4': 'UserBehaviorAnalysis'}]
p876;[{'1': 'ThreatHunting'}, {'2': 'NetworkTrafficAnalysis'}, {'3': 'NetworkTrafficFiltering'}, {'4': 'ExecutableDenylisting'}]
p877;[{'1': 'MalwareDetection'}, {'2': 'NetworkTrafficAnalysis'}, {'3': 'NetworkTrafficFiltering'}, {'4': 'ExecutableDenylisting'}]
p878;[{'1': 'RiskAssessment'}, {'2': 'OperationalRiskAssessment'}, {'3': 'SystemVulnerabilityAssessment'}, {'4': 'NetworkVulnerabilityAssessment'}]
p87;[{'1': 'IdentifierAnalysis'}, {'2': 'IdentifierActivityAnalysis'}, {'3': 'IdentifierReputationAnalysis'}, {'4': 'IPReputationAnalysis'}]
p880;[{'1': 'AutoInvestigation'}, {'2': 'NetworkTrafficAnalysis'}, {'3': 'NetworkTrafficFiltering'}, {'4': 'ExecutableDenylisting'}]
p881;[{'1': 'EventCorrelation'}, {'2': 'NetworkTrafficAnalysis'}, {'3': 'NetworkTrafficFiltering'}, {'4': 'ExecutableDenylisting'}]
p882;[{'1': 'AutoUndoContainment'}, {'2': 'NetworkTrafficAnalysis'}, {'3': 'NetworkTrafficFiltering'}, {'4': 'ExecutableDenylisting'}]
p883;[{'1': 'IndicatorBlocking'}, {'2': 'NetworkTrafficAnalysis'}, {'3': 'NetworkTrafficFiltering'}, {'4': 'ExecutableDenylisting'}]
p884;[{'1': 'IndicatorEnrichment'}, {'2': 'OperationalActivityMapping'}, {'3': 'OperationalDependencyMapping'}, {'4': 'UserBehaviorAnalysis'}]
p885;[{'1': 'DataImport'}, {'2': 'NetworkTrafficAnalysis'}, {'3': 'NetworkTrafficFiltering'}, {'4': 'ExecutableDenylisting'}]
p886;[{'1': 'RiskInvestigation'}, {'2': 'NetworkTrafficAnalysis'}, {'3': 'NetworkTrafficFiltering'}, {'4': 'ExecutableDenylisting'}]
p887;[{'1': 'EventCorrelation'}, {'2': 'NetworkTrafficAnalysis'}, {'3': 'NetworkTrafficFiltering'}, {'4': 'ExecutableDenylisting'}]
p888;[{'1': 'RiskMitigation'}, {'2': 'NetworkTrafficAnalysis'}, {'3': 'NetworkTrafficFiltering'}, {'4': 'ExecutableDenylisting'}]
p88;[{'1': 'IdentifierAnalysis'}, {'2': 'IdentifierActivityAnalysis'}, {'3': 'IdentifierReputationAnalysis'}, {'4': 'IPReputationAnalysis'}]
p890;[{'1': 'AssetProtection'}, {'2': 'NetworkTrafficAnalysis'}, {'3': 'NetworkTrafficFiltering'}, {'4': 'ExecutableDenylisting'}]
p891;[{'1': 'IndicatorReview'}, {'2': 'NetworkTrafficAnalysis'}, {'3': 'NetworkTrafficFiltering'}, {'4': 'ExecutableDenylisting'}]
p892;[{'1': 'ResponsePlaybookSelection'}, {'2': 'NetworkTrafficAnalysis'}, {'3': 'NetworkTrafficFiltering'}, {'4': 'ExecutableDenylisting'}]
p893;[{'1': 'WirelessAccessPointDetection'}, {'2': 'NetworkTrafficAnalysis'}, {'3': 'NetworkTrafficFiltering'}, {'4': 'ExecutableDenylisting'}]
p894;[{'1': 'RootkitDetection'}, {'2': 'NetworkTrafficAnalysis'}, {'3': 'NetworkTrafficFiltering'}, {'4': 'ExecutableDenylisting'}]
p895;[{'1': 'RootkitRemediation'}, {'2': 'NetworkTrafficAnalysis'}, {'3': 'NetworkTrafficFiltering'}, {'4': 'ExecutableDenylisting'}]
p896;[{'1': 'NetworkTrafficAnalysis'}, {'2': 'NetworkTrafficFiltering'}, {'3': 'ExecutableDenylisting'}, {'4': 'AdministrativeNetworkActivityAnalysis'}]
p897;[{'1': 'InvestigationClosure'}, {'2': 'NetworkTrafficAnalysis'}, {'3': 'NetworkTrafficFiltering'}, {'4': 'ExecutableDenylisting'}]
p89;[]
p8;[{'1': 'InboundTrafficFiltering'}, {'2': 'ExecutableDenylisting'}, {'3': 'NetworkTrafficFiltering'}, {'4': 'OutboundTrafficFiltering'}]
p901;[{'1': 'EmailRemoval'}, {'2': 'DynamicAnalysis'}, {'3': 'NetworkTrafficAnalysis'}, {'4': 'FileAnalysis'}]
p902;[{'1': 'DomainNameReputationAnalysis'}, {'2': 'URLReputationAnalysis'}, {'3': 'EmailFiltering'}, {'4': 'IdentifierReputationAnalysis'}]
p903;[{'1': 'DynamicAnalysis'}, {'2': 'FileAnalysis'}, {'3': 'IdentifierReputationAnalysis'}, {'4': 'URLReputationAnalysis'}]
p904;[{'1': 'URLReputationAnalysis'}, {'2': 'IdentifierReputationAnalysis'}, {'3': 'NetworkTrafficFiltering'}, {'4': 'EmailFiltering'}]
p905;[{'1': 'ProcessTermination'}, {'2': 'ProcessEviction'}, {'3': 'ProcessSpawnAnalysis'}, {'4': 'ProcessLineageAnalysis'}]
p906;[]
p907;[{'1': 'IPReputationAnalysis'}, {'2': 'URLReputationAnalysis'}, {'3': 'IdentifierReputationAnalysis'}, {'4': 'NetworkTrafficFiltering'}]
p908;[{'1': 'IdentifierReputationAnalysis'}, {'2': 'IPReputationAnalysis'}, {'3': 'URLReputationAnalysis'}, {'4': 'IdentifierAnalysis'}]
p90;[]
p910;[{'1': 'IPReputationAnalysis'}, {'2': 'URLReputationAnalysis'}, {'3': 'IdentifierReputationAnalysis'}, {'4': 'IdentifierAnalysis'}]
p911;[{'1': 'IPReputationAnalysis'}, {'2': 'IdentifierReputationAnalysis'}, {'3': 'IdentifierAnalysis'}, {'4': 'URLReputationAnalysis'}]
p912;[{'1': 'URLReputationAnalysis'}, {'2': 'IdentifierReputationAnalysis'}, {'3': 'IdentifierAnalysis'}, {'4': 'URLAnalysis'}]
p913;[{'1': 'AccessModeling'}, {'2': 'UserAccountPermissions'}, {'3': 'IdentifierReputationAnalysis'}, {'4': 'IdentifierAnalysis'}]
p914;[{'1': 'DomainNameReputationAnalysis'}, {'2': 'URLReputationAnalysis'}, {'3': 'NetworkTrafficFiltering'}, {'4': 'IdentifierReputationAnalysis'}]
p915;[{'1': 'IPReputationAnalysis'}, {'2': 'NetworkTrafficFiltering'}, {'3': 'IdentifierReputationAnalysis'}, {'4': 'PlatformMonitoring'}]
p916;[{'1': 'IPReputationAnalysis'}, {'2': 'NetworkTrafficFiltering'}, {'3': 'IdentifierReputationAnalysis'}, {'4': 'PlatformMonitoring'}]
p917;[{'1': 'IdentifierReputationAnalysis'}, {'2': 'IPReputationAnalysis'}, {'3': 'URLReputationAnalysis'}, {'4': 'MessageAnalysis'}]
p918;[{'1': 'NetworkTrafficFiltering'}, {'2': 'PlatformMonitoring'}, {'3': 'NetworkTrafficAnalysis'}, {'4': 'ProcessEviction'}]
p91;[{'1': 'IdentifierActivityAnalysis'}, {'2': 'IdentifierAnalysis'}, {'3': 'IdentifierReputationAnalysis'}, {'4': 'ConnectionAttemptAnalysis'}]
p920;[{'1': 'IdentifierReputationAnalysis'}, {'2': 'IPReputationAnalysis'}, {'3': 'URLReputationAnalysis'}, {'4': 'IdentifierAnalysis'}]
p921;[{'1': 'IdentifierReputationAnalysis'}, {'2': 'IPReputationAnalysis'}, {'3': 'URLReputationAnalysis'}, {'4': 'IdentifierAnalysis'}]
p922;[{'1': 'SoftwareUpdate'}, {'2': 'PlatformHardening'}, {'3': 'SystemVulnerabilityAssessment'}, {'4': 'SystemDependencyMapping'}]
p923;[{'1': 'ProcessEviction'}, {'2': 'PlatformMonitoring'}, {'3': 'NetworkTrafficFiltering'}, {'4': 'SystemVulnerabilityAssessment'}]
p924;[{'1': 'URLReputationAnalysis'}, {'2': 'IdentifierReputationAnalysis'}, {'3': 'NetworkTrafficFiltering'}, {'4': 'IdentifierAnalysis'}]
p925;[{'1': 'FileAnalysis'}, {'2': 'NetworkTrafficFiltering'}, {'3': 'ProcessEviction'}, {'4': 'PlatformMonitoring'}]
p926;[{'1': 'MessageAnalysis'}, {'2': 'IdentifierReputationAnalysis'}, {'3': 'IdentifierAnalysis'}, {'4': 'URLReputationAnalysis'}]
p927;[]
p928;[]
p92;[{'1': 'IdentifierActivityAnalysis'}, {'2': 'IdentifierAnalysis'}, {'3': 'IdentifierReputationAnalysis'}, {'4': 'ConnectionAttemptAnalysis'}]
p930;[{'1': 'DynamicAnalysis'}, {'2': 'FileAnalysis'}, {'3': 'IdentifierReputationAnalysis'}, {'4': 'URLReputationAnalysis'}]
p931;[]
p932;[]
p933;[]
p934;[]
p935;[]
p936;[]
p937;[]
p938;[]
p93;[{'1': 'DomainNameReputationAnalysis'}, {'2': 'IdentifierReputationAnalysis'}, {'3': 'URLReputationAnalysis'}, {'4': 'IdentifierAnalysis'}]
p940;[{'1': 'DomainNameReputationAnalysis'}, {'2': 'URLReputationAnalysis'}, {'3': 'IdentifierReputationAnalysis'}, {'4': 'IdentifierAnalysis'}]
p941;[]
p942;[]
p943;[]
p944;[]
p945;[{'1': 'IdentifierReputationAnalysis'}, {'2': 'IdentifierAnalysis'}, {'3': 'URLReputationAnalysis'}, {'4': 'IPReputationAnalysis'}]
p946;[{'1': 'AccessModeling'}, {'2': 'UserAccountPermissions'}, {'3': 'IdentifierReputationAnalysis'}, {'4': 'IdentifierAnalysis'}]
p947;[]
p948;[]
p94;[{'1': 'URLReputationAnalysis'}, {'2': 'IdentifierReputationAnalysis'}, {'3': 'IdentifierAnalysis'}, {'4': 'DomainNameReputationAnalysis'}]
p950;[]
p951;[]
p952;[]
p953;[]
p954;[]
p955;[]
p956;[]
p957;[]
p958;[]
p95;[{'1': 'FileAnalysis'}, {'2': 'FileContentAnalysis'}, {'3': 'FileHashReputationAnalysis'}, {'4': 'DynamicAnalysis'}]
p960;[]
p961;[]
p962;[]
p963;[]
p964;[]
p965;[]
p966;[]
p967;[]
p968;[]
p96;[]
p970;[{'1': 'IdentifierReputationAnalysis'}, {'2': 'IdentifierAnalysis'}, {'3': 'URLReputationAnalysis'}, {'4': 'IPReputationAnalysis'}]
p971;[]
p972;[]
p973;[]
p974;[]
p975;[]
p976;[]
p977;[]
p978;[]
p97;[]
p980;[]
p981;[]
p982;[{'1': 'IPReputationAnalysis'}, {'2': 'IdentifierReputationAnalysis'}, {'3': 'IdentifierAnalysis'}, {'4': 'URLReputationAnalysis'}]
p983;[]
p984;[]
p985;[]
p986;[]
p987;[]
p988;[]
p98;[{'1': 'IdentifierActivityAnalysis'}, {'2': 'IdentifierAnalysis'}, {'3': 'IdentifierReputationAnalysis'}, {'4': 'IPReputationAnalysis'}]
p990;[]
p991;{'Categories': []}
p992;{'Categories': []}
p993;[{'1': 'DynamicAnalysis'}, {'2': 'FileAnalysis'}, {'3': 'FileContentAnalysis'}, {'4': 'FileHashing'}]
p994;{'Categories': []}
p995;{'Categories': []}
p996;{'Categories': []}
p997;{'Categories': []}
p99;[{'1': 'IdentifierReputationAnalysis'}, {'2': 'IdentifierAnalysis'}, {'3': 'URLReputationAnalysis'}, {'4': 'DomainNameReputationAnalysis'}]
p9;[{'1': 'InboundTrafficFiltering'}, {'2': 'ExecutableDenylisting'}, {'3': 'NetworkTrafficFiltering'}, {'4': 'OutboundTrafficFiltering'}]
p1000;{'Categories': []}
p1001;[{'1': 'URLAnalysis'}, {'2': 'URLReputationAnalysis'}, {'3': 'DomainNameReputationAnalysis'}, {'4': 'HomoglyphDetection'}]
p1002;{'Categories': []}
p1003;{'Categories': []}
p1004;{'Categories': []}
p1005;[{'1': 'URLAnalysis'}, {'2': 'URLReputationAnalysis'}, {'3': 'DomainNameReputationAnalysis'}, {'4': 'HomoglyphDetection'}]
p1006;{'Categories': []}
p1007;{'Categories': []}
p1008;[{'1': 'FileHashing'}, {'2': 'FileHashReputationAnalysis'}, {'3': 'FileContentAnalysis'}, {'4': 'FileAnalysis'}]
p100;[{'1': 'IdentifierActivityAnalysis'}, {'2': 'IdentifierAnalysis'}, {'3': 'IdentifierReputationAnalysis'}, {'4': 'ConnectionAttemptAnalysis'}]
p1010;[{'1': 'AccessModeling'}, {'2': 'AccountLocking'}, {'3': 'AuthenticationEventThresholding'}, {'4': 'AuthorizationEventThresholding'}]
p1011;[{'1': 'AccessModeling'}, {'2': 'AccountLocking'}, {'3': 'AuthenticationEventThresholding'}, {'4': 'AuthorizationEventThresholding'}]
p1012;[{'1': 'AccessModeling'}, {'2': 'AccountLocking'}, {'3': 'AuthenticationEventThresholding'}, {'4': 'AuthorizationEventThresholding'}]
p1013;{'Categories': []}
p1014;{'Categories': []}
p1015;[{'1': 'AccountLocking'}, {'2': 'CredentialRevoking'}, {'3': 'CredentialEviction'}, {'4': 'CredentialRotation'}]
p1016;[{'1': 'DNSDenylisting'}, {'2': 'ForwardResolutionDomainDenylisting'}, {'3': 'ReverseResolutionDomainDenylisting'}, {'4': 'HierarchicalDomainDenylisting'}]
p1017;[{'1': 'EmailFiltering'}, {'2': 'EmailRemoval'}, {'3': 'SenderReputationAnalysis'}, {'4': 'SenderMTAReputationAnalysis'}]
p1018;[{'1': 'ExecutableDenylisting'}, {'2': 'ExecutableAllowlisting'}, {'3': 'FileHashing'}, {'4': 'FileHashReputationAnalysis'}]
p1020;[{'1': 'InboundTrafficFiltering'}, {'2': 'OutboundTrafficFiltering'}, {'3': 'NetworkTrafficFiltering'}, {'4': 'IPReputationAnalysis'}]
p1021;[{'1': 'InboundTrafficFiltering'}, {'2': 'OutboundTrafficFiltering'}, {'3': 'NetworkTrafficFiltering'}, {'4': 'IPReputationAnalysis'}]
p1022;[{'1': 'URLAnalysis'}, {'2': 'URLReputationAnalysis'}, {'3': 'DomainNameReputationAnalysis'}, {'4': 'HomoglyphDetection'}]
p1023;{'Categories': []}
p1024;{'Categories': []}
p1025;{'Categories': []}
p1026;{'Categories': []}
p1027;{'Categories': []}
p1028;{'Categories': []}
p102;[]
p1030;[{'1': 'CommandLineAnalysis'}, {'2': 'ProcessAnalysis'}, {'3': 'ProcessSpawnAnalysis'}, {'4': 'ProcessLineageAnalysis'}]
p1031;[{'1': 'NetworkIsolation'}, {'2': 'AccountLocking'}, {'3': 'CredentialRevoking'}, {'4': 'CredentialEviction'}]
p1032;{'Categories': []}
p1033;[{'1': 'FileHashing'}, {'2': 'FileHashReputationAnalysis'}, {'3': 'FileContentAnalysis'}, {'4': 'FileAnalysis'}]
p1034;[{'1': 'FileHashing'}, {'2': 'FileHashReputationAnalysis'}, {'3': 'FileContentAnalysis'}, {'4': 'FileAnalysis'}]
p1035;[{'1': 'AssetVulnerabilityEnumeration'}, {'2': 'ConfigurationInventory'}, {'3': 'SoftwareInventory'}, {'4': 'SystemVulnerabilityAssessment'}]
p1036;[{'1': 'FileHashing'}, {'2': 'FileHashReputationAnalysis'}, {'3': 'FileContentAnalysis'}, {'4': 'FileAnalysis'}]
p1037;{'Categories': []}
p1038;{'Categories': []}
p103;[]
p1040;[{'1': 'DynamicAnalysis'}, {'2': 'FileAnalysis'}, {'3': 'FileContentAnalysis'}, {'4': 'FileHashing'}]
p1041;[{'1': 'DynamicAnalysis'}, {'2': 'FileAnalysis'}, {'3': 'FileContentAnalysis'}, {'4': 'FileHashing'}]
p1042;[{'1': 'DynamicAnalysis'}, {'2': 'FileAnalysis'}, {'3': 'FileContentAnalysis'}, {'4': 'FileHashing'}]
p1043;[{'1': 'DynamicAnalysis'}, {'2': 'FileAnalysis'}, {'3': 'FileContentAnalysis'}, {'4': 'FileHashing'}]
p1044;[{'1': 'URLAnalysis'}, {'2': 'URLReputationAnalysis'}, {'3': 'DomainNameReputationAnalysis'}, {'4': 'HomoglyphDetection'}]
p1045;[{'1': 'URLAnalysis'}, {'2': 'URLReputationAnalysis'}, {'3': 'DomainNameReputationAnalysis'}, {'4': 'HomoglyphDetection'}]
p1046;[{'1': 'URLAnalysis'}, {'2': 'URLReputationAnalysis'}, {'3': 'DomainNameReputationAnalysis'}, {'4': 'HomoglyphDetection'}]
p1047;[{'1': 'URLAnalysis'}, {'2': 'URLReputationAnalysis'}, {'3': 'DomainNameReputationAnalysis'}, {'4': 'HomoglyphDetection'}]
p1048;[{'1': 'DomainNameReputationAnalysis'}, {'2': 'DomainTrustPolicy'}, {'3': 'DNSAllowlisting'}, {'4': 'DNSDenylisting'}]
p104;[{'1': 'ProcessAnalysis'}, {'2': 'ProcessLineageAnalysis'}, {'3': 'ProcessSpawnAnalysis'}, {'4': 'ProcessEviction'}]
p1050;[{'1': 'EmailFiltering'}, {'2': 'EmailRemoval'}, {'3': 'SenderReputationAnalysis'}, {'4': 'SenderMTAReputationAnalysis'}]
p1051;[{'1': 'EndpointHealthBeacon'}, {'2': 'OperatingSystemMonitoring'}, {'3': 'PlatformMonitoring'}, {'4': 'SystemFileAnalysis'}]
p1052;[{'1': 'EndpointHealthBeacon'}, {'2': 'OperatingSystemMonitoring'}, {'3': 'PlatformMonitoring'}, {'4': 'SystemFileAnalysis'}]
p1053;[{'1': 'EndpointHealthBeacon'}, {'2': 'OperatingSystemMonitoring'}, {'3': 'PlatformMonitoring'}, {'4': 'SystemFileAnalysis'}]
p1054;[{'1': 'EndpointHealthBeacon'}, {'2': 'OperatingSystemMonitoring'}, {'3': 'PlatformMonitoring'}, {'4': 'SystemFileAnalysis'}]
p1055;{'Categories': []}
p1056;{'Categories': []}
p1057;{'Categories': []}
p1058;{'Categories': []}
p105;[]
p1060;[{'1': 'FileHashing'}, {'2': 'FileHashReputationAnalysis'}, {'3': 'FileContentAnalysis'}, {'4': 'FileAnalysis'}]
p1061;{'Categories': []}
p1062;[{'1': 'FileHashing'}, {'2': 'FileHashReputationAnalysis'}, {'3': 'FileContentAnalysis'}, {'4': 'FileAnalysis'}]
p1063;[{'1': 'FileHashing'}, {'2': 'FileHashReputationAnalysis'}, {'3': 'FileContentAnalysis'}, {'4': 'FileAnalysis'}]
p1064;[{'1': 'FileHashing'}, {'2': 'FileHashReputationAnalysis'}, {'3': 'FileContentAnalysis'}, {'4': 'FileAnalysis'}]
p1065;{'Categories': []}
p1066;[{'1': 'EmailFiltering'}, {'2': 'EmailRemoval'}, {'3': 'SenderReputationAnalysis'}, {'4': 'SenderMTAReputationAnalysis'}]
p1067;[{'1': 'EndpointHealthBeacon'}, {'2': 'OperatingSystemMonitoring'}, {'3': 'PlatformMonitoring'}, {'4': 'SystemFileAnalysis'}]
p1068;[{'1': 'FileHashing'}, {'2': 'FileHashReputationAnalysis'}, {'3': 'FileContentAnalysis'}, {'4': 'FileAnalysis'}]
p106;[]
p1070;[{'1': 'FileHashing'}, {'2': 'FileHashReputationAnalysis'}, {'3': 'FileContentAnalysis'}, {'4': 'FileAnalysis'}]
p1071;[{'1': 'FileHashing'}, {'2': 'FileHashReputationAnalysis'}, {'3': 'FileContentAnalysis'}, {'4': 'FileAnalysis'}]
p1072;[{'1': 'FileHashing'}, {'2': 'FileHashReputationAnalysis'}, {'3': 'FileContentAnalysis'}, {'4': 'FileAnalysis'}]
p1073;[{'1': 'EndpointHealthBeacon'}, {'2': 'OperatingSystemMonitoring'}, {'3': 'PlatformMonitoring'}, {'4': 'SystemFileAnalysis'}]
p1074;[{'1': 'EmailFiltering'}, {'2': 'EmailRemoval'}, {'3': 'SenderReputationAnalysis'}, {'4': 'SenderMTAReputationAnalysis'}]
p1075;[{'1': 'EmailFiltering'}, {'2': 'EmailRemoval'}, {'3': 'SenderReputationAnalysis'}, {'4': 'SenderMTAReputationAnalysis'}]
p1076;[{'1': 'EmailFiltering'}, {'2': 'EmailRemoval'}, {'3': 'SenderReputationAnalysis'}, {'4': 'SenderMTAReputationAnalysis'}]
p1077;[{'1': 'EmailFiltering'}, {'2': 'EmailRemoval'}, {'3': 'SenderReputationAnalysis'}, {'4': 'SenderMTAReputationAnalysis'}]
p1078;{'Categories': []}
p107;[]
p1080;{'Categories': []}
p1081;[{'1': 'IPReputationAnalysis'}, {'2': 'IdentifierAnalysis'}, {'3': 'IdentifierReputationAnalysis'}, {'4': 'DomainNameReputationAnalysis'}]
p1082;[{'1': 'IPReputationAnalysis'}, {'2': 'IdentifierAnalysis'}, {'3': 'IdentifierReputationAnalysis'}, {'4': 'DomainNameReputationAnalysis'}]
p1083;[{'1': 'IPReputationAnalysis'}, {'2': 'IdentifierAnalysis'}, {'3': 'IdentifierReputationAnalysis'}, {'4': 'DomainNameReputationAnalysis'}]
p1084;[{'1': 'NetworkIsolation'}, {'2': 'EndpointHealthBeacon'}, {'3': 'ProcessEviction'}, {'4': 'ProcessSuspension'}]
p1085;[{'1': 'NetworkIsolation'}, {'2': 'EndpointHealthBeacon'}, {'3': 'ProcessEviction'}, {'4': 'ProcessSuspension'}]
p1086;[{'1': 'FileAnalysis'}, {'2': 'ProcessAnalysis'}, {'3': 'SystemFileAnalysis'}, {'4': 'DynamicAnalysis'}]
p1087;[{'1': 'IdentifierAnalysis'}, {'2': 'IdentifierReputationAnalysis'}, {'3': 'OperationalDependencyMapping'}, {'4': 'OperationalRiskAssessment'}]
p1088;[{'1': 'SenderReputationAnalysis'}, {'2': 'EmailFiltering'}, {'3': 'EmailRemoval'}, {'4': 'MessageAnalysis'}]
p108;[]
p1090;[{'1': 'SenderReputationAnalysis'}, {'2': 'EmailFiltering'}, {'3': 'EmailRemoval'}, {'4': 'MessageAnalysis'}]
p1091;[{'1': 'SenderReputationAnalysis'}, {'2': 'EmailFiltering'}, {'3': 'EmailRemoval'}, {'4': 'MessageAnalysis'}]
p1092;[{'1': 'SenderReputationAnalysis'}, {'2': 'EmailFiltering'}, {'3': 'EmailRemoval'}, {'4': 'MessageAnalysis'}]
p1093;[{'1': 'EmailFiltering'}, {'2': 'EmailRemoval'}, {'3': 'MessageAnalysis'}, {'4': 'MessageAuthentication'}]
p1094;[{'1': 'EmailFiltering'}, {'2': 'EmailRemoval'}, {'3': 'MessageAnalysis'}, {'4': 'MessageAuthentication'}]
p1095;[{'1': 'EmailFiltering'}, {'2': 'EmailRemoval'}, {'3': 'MessageAnalysis'}, {'4': 'MessageAuthentication'}]
p1096;[{'1': 'EmailFiltering'}, {'2': 'EmailRemoval'}, {'3': 'MessageAnalysis'}, {'4': 'MessageAuthentication'}]
p1097;[{'1': 'SenderReputationAnalysis'}, {'2': 'EmailFiltering'}, {'3': 'EmailRemoval'}, {'4': 'MessageAnalysis'}]
p109;[]
p10;[{'1': 'InboundTrafficFiltering'}, {'2': 'ExecutableDenylisting'}, {'3': 'NetworkTrafficFiltering'}, {'4': 'OutboundTrafficFiltering'}]
p1100;[{'1': 'FileAnalysis'}, {'2': 'FileHashing'}, {'3': 'FileHashReputationAnalysis'}, {'4': 'FileContentAnalysis'}]
p1101;[{'1': 'FileAnalysis'}, {'2': 'FileHashing'}, {'3': 'FileHashReputationAnalysis'}, {'4': 'FileContentAnalysis'}]
p1102;[{'1': 'EmailFiltering'}, {'2': 'EmailRemoval'}, {'3': 'MessageAnalysis'}, {'4': 'MessageAuthentication'}]
p1103;[{'1': 'EmailFiltering'}, {'2': 'EmailRemoval'}, {'3': 'MessageAnalysis'}, {'4': 'MessageAuthentication'}]
p1104;[{'1': 'CredentialCompromiseScopeAnalysis'}, {'2': 'CredentialEviction'}, {'3': 'CredentialRevoking'}, {'4': 'CredentialRotation'}]
p1105;[{'1': 'CredentialCompromiseScopeAnalysis'}, {'2': 'CredentialEviction'}, {'3': 'CredentialRevoking'}, {'4': 'CredentialRotation'}]
p1106;[{'1': 'IdentifierAnalysis'}, {'2': 'IdentifierReputationAnalysis'}, {'3': 'OperationalDependencyMapping'}, {'4': 'OperationalRiskAssessment'}]
p1107;[{'1': 'IdentifierAnalysis'}, {'2': 'IdentifierReputationAnalysis'}, {'3': 'OperationalDependencyMapping'}, {'4': 'OperationalRiskAssessment'}]
p1108;[{'1': 'IdentifierAnalysis'}, {'2': 'IdentifierReputationAnalysis'}, {'3': 'OperationalDependencyMapping'}, {'4': 'OperationalRiskAssessment'}]
p110;[]
p1110;[{'1': 'IdentifierAnalysis'}, {'2': 'IdentifierReputationAnalysis'}, {'3': 'OperationalDependencyMapping'}, {'4': 'OperationalRiskAssessment'}]
p1111;[{'1': 'IdentifierAnalysis'}, {'2': 'IdentifierReputationAnalysis'}, {'3': 'OperationalDependencyMapping'}, {'4': 'OperationalRiskAssessment'}]
p1112;[{'1': 'IdentifierAnalysis'}, {'2': 'IdentifierReputationAnalysis'}, {'3': 'OperationalDependencyMapping'}, {'4': 'OperationalRiskAssessment'}]
p1113;[{'1': 'IdentifierAnalysis'}, {'2': 'IdentifierReputationAnalysis'}, {'3': 'OperationalDependencyMapping'}, {'4': 'OperationalRiskAssessment'}]
p1114;[{'1': 'IdentifierAnalysis'}, {'2': 'IdentifierReputationAnalysis'}, {'3': 'OperationalDependencyMapping'}, {'4': 'OperationalRiskAssessment'}]
p1115;[{'1': 'IdentifierAnalysis'}, {'2': 'IdentifierReputationAnalysis'}, {'3': 'OperationalDependencyMapping'}, {'4': 'OperationalRiskAssessment'}]
p1116;[{'1': 'IdentifierAnalysis'}, {'2': 'IdentifierReputationAnalysis'}, {'3': 'OperationalDependencyMapping'}, {'4': 'OperationalRiskAssessment'}]
p1117;[{'1': 'IdentifierAnalysis'}, {'2': 'IdentifierReputationAnalysis'}, {'3': 'OperationalDependencyMapping'}, {'4': 'OperationalRiskAssessment'}]
p1118;[{'1': 'IdentifierAnalysis'}, {'2': 'IdentifierReputationAnalysis'}, {'3': 'OperationalDependencyMapping'}, {'4': 'OperationalRiskAssessment'}]
p111;[]
p1120;[{'1': 'IdentifierAnalysis'}, {'2': 'IdentifierReputationAnalysis'}, {'3': 'OperationalDependencyMapping'}, {'4': 'OperationalRiskAssessment'}]
p1121;[{'1': 'IdentifierAnalysis'}, {'2': 'IdentifierReputationAnalysis'}, {'3': 'OperationalDependencyMapping'}, {'4': 'OperationalRiskAssessment'}]
p1122;[{'1': 'IdentifierAnalysis'}, {'2': 'IdentifierReputationAnalysis'}, {'3': 'OperationalDependencyMapping'}, {'4': 'OperationalRiskAssessment'}]
p1123;[{'1': 'IdentifierAnalysis'}, {'2': 'IdentifierReputationAnalysis'}, {'3': 'OperationalDependencyMapping'}, {'4': 'OperationalRiskAssessment'}]
p1124;[{'1': 'IdentifierAnalysis'}, {'2': 'IdentifierReputationAnalysis'}, {'3': 'OperationalDependencyMapping'}, {'4': 'OperationalRiskAssessment'}]
p1125;[{'1': 'IdentifierAnalysis'}, {'2': 'IdentifierReputationAnalysis'}, {'3': 'OperationalDependencyMapping'}, {'4': 'OperationalRiskAssessment'}]
p1126;[{'1': 'IdentifierAnalysis'}, {'2': 'IdentifierReputationAnalysis'}, {'3': 'OperationalDependencyMapping'}, {'4': 'OperationalRiskAssessment'}]
p1127;[{'1': 'IdentifierAnalysis'}, {'2': 'IdentifierReputationAnalysis'}, {'3': 'OperationalDependencyMapping'}, {'4': 'OperationalRiskAssessment'}]
p1128;[{'1': 'IdentifierAnalysis'}, {'2': 'IdentifierReputationAnalysis'}, {'3': 'OperationalDependencyMapping'}, {'4': 'OperationalRiskAssessment'}]
p112;[]
p1130;[{'1': 'IdentifierAnalysis'}, {'2': 'IdentifierReputationAnalysis'}, {'3': 'OperationalDependencyMapping'}, {'4': 'OperationalRiskAssessment'}]
p1131;[{'1': 'IdentifierAnalysis'}, {'2': 'IdentifierReputationAnalysis'}, {'3': 'OperationalDependencyMapping'}, {'4': 'OperationalRiskAssessment'}]
p1132;[{'1': 'IdentifierAnalysis'}, {'2': 'IdentifierReputationAnalysis'}, {'3': 'OperationalDependencyMapping'}, {'4': 'OperationalRiskAssessment'}]
p1133;[{'1': 'IdentifierAnalysis'}, {'2': 'IdentifierReputationAnalysis'}, {'3': 'OperationalDependencyMapping'}, {'4': 'OperationalRiskAssessment'}]
p1134;[{'1': 'IdentifierAnalysis'}, {'2': 'IdentifierReputationAnalysis'}, {'3': 'OperationalDependencyMapping'}, {'4': 'OperationalRiskAssessment'}]
p1135;[{'1': 'IdentifierAnalysis'}, {'2': 'IdentifierReputationAnalysis'}, {'3': 'OperationalDependencyMapping'}, {'4': 'OperationalRiskAssessment'}]
p1136;[{'1': 'IdentifierAnalysis'}, {'2': 'IdentifierReputationAnalysis'}, {'3': 'OperationalDependencyMapping'}, {'4': 'OperationalRiskAssessment'}]
p1137;[{'1': 'RestoreNetworkAccess'}, {'2': 'RestoreUserAccountAccess'}, {'3': 'RestoreConfiguration'}, {'4': 'RestoreFile'}]
p1138;[{'1': 'URLReputationAnalysis'}, {'2': 'IdentifierAnalysis'}, {'3': 'IdentifierReputationAnalysis'}, {'4': 'DomainNameReputationAnalysis'}]
p113;[]
p1140;[{'1': 'FileAnalysis'}, {'2': 'DynamicAnalysis'}, {'3': 'FileHashing'}, {'4': 'FileHashReputationAnalysis'}]
p1141;[]
p1142;[]
p1143;[]
p1144;[]
p1145;[]
p1146;[]
p1147;[]
p1148;[]
p114;[]
p1150;[]
p1151;[]
p1152;[]
p1153;[]
p1154;[]
p1155;[]
p1156;[]
p1157;[]
p1158;[]
p115;[]
p1160;[]
p1161;[]
p1162;[]
p1163;[]
p1164;[]
p1165;[]
p1166;[]
p1167;[]
p1168;[]
p116;[]
p1170;[]
p1171;[{'1': 'IdentifierAnalysis'}, {'2': 'IdentifierReputationAnalysis'}, {'3': 'URLReputationAnalysis'}, {'4': 'IPReputationAnalysis'}]
p1172;[{'1': 'IdentifierAnalysis'}, {'2': 'IdentifierReputationAnalysis'}, {'3': 'URLReputationAnalysis'}, {'4': 'IPReputationAnalysis'}]
p1173;[{'1': 'UserBehaviorAnalysis'}, {'2': 'AccountLocking'}, {'3': 'CredentialRevoking'}, {'4': 'CredentialRotation'}]
p1174;[{'1': 'URLReputationAnalysis'}, {'2': 'DomainNameReputationAnalysis'}, {'3': 'ForwardResolutionDomainDenylisting'}, {'4': 'HierarchicalDomainDenylisting'}]
p1175;[{'1': 'SenderReputationAnalysis'}, {'2': 'EmailFiltering'}, {'3': 'EmailRemoval'}, {'4': 'SenderMTAReputationAnalysis'}]
p1176;[{'1': 'FileHashing'}, {'2': 'FileHashReputationAnalysis'}, {'3': 'ExecutableDenylisting'}, {'4': 'ExecutableAllowlisting'}]
p1177;[{'1': 'IPReputationAnalysis'}, {'2': 'InboundTrafficFiltering'}, {'3': 'OutboundTrafficFiltering'}, {'4': 'NetworkTrafficFiltering'}]
p1178;[{'1': 'UserBehaviorAnalysis'}, {'2': 'AccountLocking'}, {'3': 'CredentialRevoking'}, {'4': 'CredentialRotation'}]
p117;[{'1': 'ProcessAnalysis'}, {'2': 'ProcessLineageAnalysis'}, {'3': 'ProcessSpawnAnalysis'}, {'4': 'ProcessEviction'}]
p1180;[{'1': 'ForwardResolutionDomainDenylisting'}, {'2': 'HierarchicalDomainDenylisting'}, {'3': 'InboundTrafficFiltering'}, {'4': 'OutboundTrafficFiltering'}]
p1181;[{'1': 'EmailFiltering'}, {'2': 'EmailRemoval'}, {'3': 'SenderReputationAnalysis'}, {'4': 'SenderMTAReputationAnalysis'}]
p1182;[{'1': 'FileHashing'}, {'2': 'FileHashReputationAnalysis'}, {'3': 'ExecutableDenylisting'}, {'4': 'ExecutableAllowlisting'}]
p1183;[{'1': 'IPReputationAnalysis'}, {'2': 'InboundTrafficFiltering'}, {'3': 'OutboundTrafficFiltering'}, {'4': 'NetworkTrafficFiltering'}]
p1184;[{'1': 'IdentifierAnalysis'}, {'2': 'IdentifierReputationAnalysis'}, {'3': 'URLReputationAnalysis'}, {'4': 'IPReputationAnalysis'}]
p1185;[{'1': 'AssetInventory'}, {'2': 'AssetVulnerabilityEnumeration'}, {'3': 'ConfigurationInventory'}, {'4': 'NetworkVulnerabilityAssessment'}]
p1186;[{'1': 'RestoreDiskImage'}, {'2': 'RestoreConfiguration'}, {'3': 'RestoreSoftware'}, {'4': 'RestoreUserAccountAccess'}]
p1187;[{'1': 'RestoreDiskImage'}, {'2': 'RestoreConfiguration'}, {'3': 'RestoreSoftware'}, {'4': 'RestoreUserAccountAccess'}]
p1188;[{'1': 'RestoreSoftware'}, {'2': 'ServiceBinaryVerification'}, {'3': 'SoftwareUpdate'}, {'4': 'SystemFileAnalysis'}]
p118;[]
p1190;[{'1': 'EndpointHealthBeacon'}, {'2': 'OperatingSystemMonitoring'}, {'3': 'PlatformMonitoring'}, {'4': 'SystemDaemonMonitoring'}]
p1191;[{'1': 'UserBehaviorAnalysis'}, {'2': 'AccountLocking'}, {'3': 'CredentialRevoking'}, {'4': 'CredentialRotation'}]
p1192;[{'1': 'MessageAnalysis'}, {'2': 'SenderReputationAnalysis'}, {'3': 'EmailFiltering'}, {'4': 'EmailRemoval'}]
p1193;[{'1': 'ForwardResolutionDomainDenylisting'}, {'2': 'HierarchicalDomainDenylisting'}, {'3': 'InboundTrafficFiltering'}, {'4': 'OutboundTrafficFiltering'}]
p1194;[{'1': 'ForwardResolutionDomainDenylisting'}, {'2': 'HierarchicalDomainDenylisting'}, {'3': 'InboundTrafficFiltering'}, {'4': 'OutboundTrafficFiltering'}]
p1195;[{'1': 'ForwardResolutionDomainDenylisting'}, {'2': 'HierarchicalDomainDenylisting'}, {'3': 'InboundTrafficFiltering'}, {'4': 'OutboundTrafficFiltering'}]
p1196;[{'1': 'ForwardResolutionDomainDenylisting'}, {'2': 'HierarchicalDomainDenylisting'}, {'3': 'InboundTrafficFiltering'}, {'4': 'OutboundTrafficFiltering'}]
p1197;[{'1': 'ForwardResolutionDomainDenylisting'}, {'2': 'HierarchicalDomainDenylisting'}, {'3': 'InboundTrafficFiltering'}, {'4': 'OutboundTrafficFiltering'}]
p119;[]
p11;[{'1': 'InboundTrafficFiltering'}, {'2': 'ExecutableDenylisting'}, {'3': 'NetworkTrafficFiltering'}, {'4': 'OutboundTrafficFiltering'}]
p1200;[{'1': 'EmailFiltering'}, {'2': 'EmailRemoval'}, {'3': 'SenderReputationAnalysis'}, {'4': 'SenderMTAReputationAnalysis'}]
p1201;[{'1': 'FileHashing'}, {'2': 'FileHashReputationAnalysis'}, {'3': 'ExecutableDenylisting'}, {'4': 'ExecutableAllowlisting'}]
p1202;[{'1': 'FileHashing'}, {'2': 'FileHashReputationAnalysis'}, {'3': 'ExecutableDenylisting'}, {'4': 'ExecutableAllowlisting'}]
p1203;[{'1': 'FileHashing'}, {'2': 'FileHashReputationAnalysis'}, {'3': 'ExecutableDenylisting'}, {'4': 'ExecutableAllowlisting'}]
p1204;[{'1': 'FileHashing'}, {'2': 'FileHashReputationAnalysis'}, {'3': 'ExecutableDenylisting'}, {'4': 'ExecutableAllowlisting'}]
p1205;[{'1': 'IPReputationAnalysis'}, {'2': 'InboundTrafficFiltering'}, {'3': 'OutboundTrafficFiltering'}, {'4': 'NetworkTrafficFiltering'}]
p1206;[{'1': 'IPReputationAnalysis'}, {'2': 'InboundTrafficFiltering'}, {'3': 'OutboundTrafficFiltering'}, {'4': 'NetworkTrafficFiltering'}]
p1207;[{'1': 'IPReputationAnalysis'}, {'2': 'InboundTrafficFiltering'}, {'3': 'OutboundTrafficFiltering'}, {'4': 'NetworkTrafficFiltering'}]
p1208;[{'1': 'IPReputationAnalysis'}, {'2': 'InboundTrafficFiltering'}, {'3': 'OutboundTrafficFiltering'}, {'4': 'NetworkTrafficFiltering'}]
p120;[{'1': 'DomainNameReputationAnalysis'}, {'2': 'IdentifierReputationAnalysis'}, {'3': 'IdentifierAnalysis'}, {'4': 'URLReputationAnalysis'}]
p1210;[{'1': 'EmailFiltering'}, {'2': 'EmailRemoval'}, {'3': 'SenderReputationAnalysis'}, {'4': 'SenderMTAReputationAnalysis'}]
p1211;[{'1': 'FileHashing'}, {'2': 'FileHashReputationAnalysis'}, {'3': 'ExecutableDenylisting'}, {'4': 'ExecutableAllowlisting'}]
p1212;[{'1': 'IdentifierAnalysis'}, {'2': 'IdentifierReputationAnalysis'}, {'3': 'URLReputationAnalysis'}, {'4': 'IPReputationAnalysis'}]
p1213;[{'1': 'IPReputationAnalysis'}, {'2': 'InboundTrafficFiltering'}, {'3': 'OutboundTrafficFiltering'}, {'4': 'NetworkTrafficFiltering'}]
p1214;[{'1': 'IdentifierAnalysis'}, {'2': 'IdentifierReputationAnalysis'}, {'3': 'URLReputationAnalysis'}, {'4': 'IPReputationAnalysis'}]
p1215;[{'1': 'IdentifierAnalysis'}, {'2': 'IdentifierReputationAnalysis'}, {'3': 'URLReputationAnalysis'}, {'4': 'IPReputationAnalysis'}]
p1216;[{'1': 'IdentifierAnalysis'}, {'2': 'IdentifierReputationAnalysis'}, {'3': 'URLReputationAnalysis'}, {'4': 'IPReputationAnalysis'}]
p1217;[{'1': 'IdentifierAnalysis'}, {'2': 'IdentifierReputationAnalysis'}, {'3': 'URLReputationAnalysis'}, {'4': 'IPReputationAnalysis'}]
p1218;[{'1': 'IdentifierAnalysis'}, {'2': 'IdentifierReputationAnalysis'}, {'3': 'URLReputationAnalysis'}, {'4': 'IPReputationAnalysis'}]
p121;[{'1': 'SenderReputationAnalysis'}, {'2': 'SenderMTAReputationAnalysis'}, {'3': 'IdentifierReputationAnalysis'}, {'4': 'IdentifierAnalysis'}]
p12;[{'1': 'InboundTrafficFiltering'}, {'2': 'ExecutableDenylisting'}, {'3': 'NetworkTrafficFiltering'}, {'4': 'OutboundTrafficFiltering'}]
p1;[{'1': 'InboundTrafficFiltering'}, {'2': 'ExecutableDenylisting'}, {'3': 'NetworkTrafficFiltering'}, {'4': 'OutboundTrafficFiltering'}]
p139;[{'1': 'URLReputationAnalysis'}, {'2': 'IdentifierReputationAnalysis'}, {'3': 'IdentifierAnalysis'}, {'4': 'DomainNameReputationAnalysis'}]
p149;[{'1': 'IPReputationAnalysis'}, {'2': 'IdentifierReputationAnalysis'}, {'3': 'IdentifierAnalysis'}, {'4': 'DomainNameReputationAnalysis'}]
p159;[]
p169;[]
p179;[]
p189;[{'1': 'FileHashReputationAnalysis'}, {'2': 'FileHashing'}, {'3': 'FileAnalysis'}, {'4': 'FileContentAnalysis'}]
p199;[{'1': 'DynamicAnalysis'}, {'2': 'FileContentAnalysis'}, {'3': 'FileAnalysis'}, {'4': 'FileContentRules'}]
p209;[{'1': 'IdentifierActivityAnalysis'}, {'2': 'IdentifierAnalysis'}, {'3': 'IdentifierReputationAnalysis'}, {'4': 'OperationalRiskAssessment'}]
p219;[{'1': 'IdentifierActivityAnalysis'}, {'2': 'IdentifierAnalysis'}, {'3': 'IdentifierReputationAnalysis'}, {'4': 'OperationalRiskAssessment'}]
p229;[{'1': 'ConfigurationInventory'}, {'2': 'RestoreConfiguration'}, {'3': 'RestoreSoftware'}, {'4': 'RestoreObject'}]
p239;[{'1': 'FileHashReputationAnalysis'}, {'2': 'FileHashing'}, {'3': 'FileAnalysis'}, {'4': 'FileContentAnalysis'}]
p249;[{'1': 'EmailFiltering'}, {'2': 'EmailRemoval'}, {'3': 'MessageAnalysis'}, {'4': 'MessageHardening'}]
p259;[{'1': 'IPReputationAnalysis'}, {'2': 'IdentifierReputationAnalysis'}, {'3': 'IdentifierAnalysis'}, {'4': 'IdentifierActivityAnalysis'}]
p269;[{'1': 'Multi-factorAuthentication'}, {'2': 'AuthenticationEventThresholding'}, {'3': 'UserBehaviorAnalysis'}, {'4': 'UserGeolocationLogonPatternAnalysis'}]
p279;[{'1': 'EmailFiltering'}, {'2': 'EmailRemoval'}, {'3': 'UserAccountPermissions'}, {'4': 'UserBehaviorAnalysis'}]
p289;[]
p298;[]
p299;[]
p309;[{'1': 'NetworkTrafficFiltering'}, {'2': 'NetworkTrafficPolicyMapping'}, {'3': 'NetworkVulnerabilityAssessment'}, {'4': 'IPReputationAnalysis'}]
p319;[]
p329;[{'1': 'FileAnalysis'}, {'2': 'FileContentAnalysis'}, {'3': 'FileContentRules'}, {'4': 'FileHashing'}]
p339;[]
